user_id,book_id,rating
1,53,3
1,63,3
1,62,3
1,28,4
1,52,2
1,8,2
1,22,3
1,49,3
1,1,3
1,34,4
1,59,3
1,37,5
1,55,3
1,94,4
1,72,4
2,80,4
2,73,2
2,13,4
2,10,3
2,69,4
2,28,5
2,65,2
2,34,4
2,17,4
2,45,4
2,9,4
2,32,5
2,48,3
2,37,3
2,21,3
2,57,3
2,39,5
2,79,3
2,68,3
2,2,2
2,71,2
2,82,5
2,14,5
2,92,3
3,21,3
3,90,1
3,14,4
3,49,5
3,5,5
3,29,3
3,59,3
3,45,3
3,40,4
3,30,3
3,4,3
3,85,3
3,25,2
3,52,4
3,43,4
3,36,4
3,9,2
3,99,4
4,96,4
4,23,3
4,79,3
4,73,3
4,39,3
4,52,3
4,71,2
4,1,4
4,95,3
4,37,4
4,27,3
4,56,3
4,75,3
4,84,2
4,42,2
4,60,1
4,82,2
4,66,2
4,61,3
4,22,4
4,11,2
4,90,3
4,97,4
4,43,4
4,12,3
4,31,4
4,40,3
4,29,3
4,26,4
4,19,3
5,54,2
5,69,3
5,96,2
5,95,5
5,78,3
5,29,3
5,63,3
5,35,3
5,56,3
5,92,5
5,4,4
5,44,2
5,52,3
5,22,4
5,60,3
5,17,2
5,80,2
5,98,3
5,87,3
5,51,5
5,76,2
5,73,5
5,94,4
5,11,3
5,55,3
5,82,4
5,24,5
5,7,4
5,34,2
5,49,5
5,42,4
5,28,1
5,30,3
5,83,5
6,44,3
6,4,3
6,64,3
6,42,2
6,24,4
6,63,3
6,28,4
6,46,2
6,34,4
6,99,5
6,77,5
6,89,2
6,72,5
6,67,4
6,25,4
6,11,4
6,31,5
6,53,1
6,94,3
6,81,4
6,61,4
7,9,2
7,52,2
7,63,2
7,10,3
7,81,4
7,88,5
7,7,5
7,20,4
7,73,5
7,39,4
7,11,4
7,32,3
7,16,4
7,72,2
8,20,3
8,35,4
8,19,4
8,10,2
8,22,3
8,40,3
8,77,3
8,73,4
8,37,4
8,57,3
8,16,4
8,39,4
8,52,3
8,98,3
8,65,5
8,70,3
8,64,4
8,89,4
8,11,3
8,92,4
8,42,3
8,33,3
8,4,4
8,12,4
8,30,4
8,3,3
8,84,3
8,78,3
9,9,3
9,54,3
9,65,4
9,35,4
9,1,4
9,37,4
9,39,5
9,76,5
9,75,3
9,85,3
9,63,1
9,20,4
9,69,2
9,62,2
9,45,2
9,43,3
9,49,4
9,59,2
9,42,2
9,25,5
9,31,4
9,30,4
9,53,2
9,6,3
9,41,2
9,61,3
9,77,3
9,72,2
10,82,3
10,55,2
10,89,2
10,33,3
10,59,3
10,39,3
10,14,3
10,31,4
10,49,4
10,74,5
10,46,3
10,90,4
10,3,2
10,85,3
10,2,3
11,97,3
11,29,2
11,87,3
11,93,4
11,51,3
11,72,3
11,12,4
11,2,3
11,34,2
11,69,2
11,16,5
11,59,4
11,48,2
11,96,3
11,75,1
12,57,3
12,31,2
12,47,4
12,13,3
12,88,3
12,48,3
12,70,5
12,83,5
12,46,3
12,8,5
12,51,4
12,36,3
12,25,4
12,16,5
12,59,3
12,12,3
12,85,3
12,28,1
13,39,4
13,59,4
13,83,3
13,4,2
13,8,3
13,62,5
13,52,4
13,55,3
13,88,4
13,14,3
13,63,4
13,10,3
13,11,2
13,42,2
13,78,2
13,19,3
13,9,3
13,17,1
13,36,3
13,75,3
13,71,4
13,85,4
13,49,2
13,98,2
13,65,4
14,45,3
14,1,5
14,24,3
14,19,3
14,73,5
14,85,4
14,52,3
14,9,4
14,96,4
14,82,4
14,4,4
14,12,4
14,68,3
14,28,2
14,49,4
14,54,4
14,59,3
14,44,4
14,21,4
14,48,4
14,40,4
14,42,3
15,80,2
15,59,4
15,89,2
15,12,3
15,14,2
15,32,4
15,76,3
15,52,3
15,68,5
15,11,2
15,40,3
15,96,2
15,44,2
15,29,4
16,40,4
16,60,4
16,58,2
16,5,4
16,8,3
16,48,3
16,37,5
16,10,4
16,83,4
16,12,3
16,79,3
16,77,3
16,65,4
16,50,2
17,37,4
17,78,3
17,20,3
17,43,4
17,11,3
17,75,4
17,96,3
17,19,4
17,45,3
17,40,5
17,84,5
17,90,4
17,17,4
17,92,3
17,87,5
17,72,2
17,49,5
17,97,3
17,83,4
18,37,5
18,49,4
18,65,3
18,68,2
18,54,4
18,21,4
18,26,3
18,78,3
18,18,3
18,7,3
18,83,2
18,62,2
18,48,5
18,71,3
18,14,2
18,67,2
18,16,2
18,98,3
18,11,1
18,93,4
18,35,3
18,58,2
18,66,2
18,19,3
19,3,2
19,50,3
19,82,3
19,98,5
19,48,5
19,33,5
19,46,1
19,9,2
19,45,2
19,31,5
19,85,4
19,81,5
19,14,4
19,75,5
19,43,3
19,18,3
19,96,3
19,90,4
19,44,2
19,23,3
19,24,1
19,86,3
19,89,2
20,57,3
20,5,3
20,17,5
20,31,4
20,83,5
20,93,4
20,73,5
20,98,4
20,20,4
20,58,3
20,48,4
20,85,4
20,99,4
20,10,4
20,74,3
20,68,3
20,92,3
20,36,4
20,32,2
20,4,1
20,24,2
20,91,4
20,16,5
21,21,3
21,91,2
21,29,4
21,45,2
21,37,4
21,11,3
21,82,2
21,71,3
21,17,3
21,81,2
21,39,4
21,79,3
22,19,4
22,41,3
22,92,4
22,98,4
22,94,2
22,45,3
22,52,2
22,17,2
22,48,1
22,66,4
22,72,4
22,14,4
22,96,4
22,31,5
22,16,4
22,35,3
22,32,5
22,7,3
22,38,4
22,50,2
22,54,3
22,81,3
22,21,2
22,42,4
22,25,3
22,73,5
23,87,4
23,54,4
23,75,4
23,40,4
23,93,3
23,81,1
23,4,3
23,77,5
23,61,4
23,34,4
23,84,3
23,96,5
23,74,4
23,30,3
23,7,3
23,86,3
23,22,3
23,49,3
24,49,3
24,51,4
24,45,4
24,19,3
24,38,5
24,6,4
24,37,5
24,92,4
24,11,3
24,97,5
24,84,4
24,62,4
24,69,1
24,35,4
24,72,3
24,82,3
24,18,3
24,76,2
24,31,5
24,32,4
24,7,5
24,68,2
24,29,5
24,30,5
25,52,4
25,55,5
25,66,5
25,42,3
25,12,3
25,86,2
25,13,1
25,24,2
25,18,2
25,62,5
25,96,4
25,32,3
25,1,4
25,34,3
25,31,4
25,58,4
25,35,3
25,43,4
25,39,4
25,75,4
25,74,4
25,2,3
25,47,3
25,83,4
25,8,3
25,16,3
25,60,4
25,40,2
25,94,2
25,65,4
25,69,4
25,41,3
25,59,4
25,19,3
26,55,4
26,69,2
26,49,4
26,30,5
26,32,4
26,59,3
26,45,4
26,20,2
26,36,3
26,25,3
26,15,2
26,5,3
26,85,3
26,54,4
26,79,4
26,3,3
26,31,5
26,9,4
26,13,3
26,77,5
26,88,3
26,58,5
26,7,3
26,95,3
26,52,2
26,57,4
26,96,3
27,28,1
27,25,5
27,95,3
27,16,3
27,96,3
27,97,5
27,32,3
27,90,2
27,78,2
27,91,3
27,27,3
27,51,4
27,31,3
27,71,3
27,42,2
27,37,3
27,49,5
27,60,5
27,69,2
28,1,3
28,53,4
28,18,3
28,30,3
28,9,3
28,91,2
28,20,5
28,2,2
28,28,2
28,65,4
28,59,4
28,48,5
28,8,4
28,82,4
28,79,4
28,63,3
28,3,3
28,69,4
28,71,4
28,98,3
28,93,3
28,68,3
28,36,3
28,37,4
28,74,4
28,89,2
28,56,3
28,23,2
28,14,4
28,13,3
29,30,3
29,46,5
29,71,2
29,49,3
29,56,3
29,24,4
29,88,4
29,75,4
29,96,4
29,11,4
29,80,3
29,38,3
29,32,3
29,10,2
29,35,3
29,20,2
29,90,3
29,82,4
29,50,3
29,47,4
29,14,3
29,12,3
29,1,4
29,40,4
30,82,2
30,63,3
30,74,4
30,32,4
30,42,2
30,49,4
30,36,3
30,51,4
30,47,2
30,73,2
30,76,4
30,24,3
30,4,2
30,60,3
30,27,4
30,57,5
30,38,4
30,9,2
30,53,4
30,18,5
30,39,4
30,31,4
30,33,4
30,20,4
30,55,5
30,10,3
30,58,3
30,62,3
31,82,2
31,85,2
31,51,3
31,4,4
31,95,1
31,79,4
31,58,3
31,76,5
31,55,5
31,50,3
31,1,4
31,91,3
31,28,3
31,27,2
31,36,2
32,58,4
32,80,2
32,7,2
32,46,3
32,63,4
32,25,2
32,50,4
32,72,4
32,65,4
32,84,3
32,64,4
32,53,4
32,88,3
32,54,4
33,31,5
33,95,3
33,76,2
33,89,2
33,45,3
33,91,4
33,79,3
33,55,3
33,22,3
33,92,3
33,18,2
33,98,4
33,86,3
33,8,3
33,73,5
33,69,3
33,36,3
33,77,5
33,93,3
33,97,3
33,42,3
33,38,5
33,75,3
33,35,4
33,66,3
33,87,4
33,53,3
33,84,4
33,80,4
33,17,2
33,72,5
33,32,4
33,10,3
34,55,3
34,89,5
34,17,2
34,10,2
34,30,4
34,50,3
34,12,3
34,14,4
34,91,4
34,41,3
34,48,3
34,39,4
34,18,4
34,49,5
34,86,3
34,83,3
34,19,4
34,9,4
34,68,4
34,73,3
34,2,3
34,22,2
34,57,3
34,45,2
34,28,4
34,20,3
34,53,3
34,76,3
34,74,3
34,92,5
34,84,3
34,16,5
34,93,5
34,75,3
34,96,4
34,70,3
34,21,2
35,16,4
35,4,4
35,43,4
35,55,2
35,35,4
35,9,4
35,34,4
35,74,3
35,81,5
35,10,2
35,59,3
35,66,4
35,47,4
35,8,3
35,88,4
35,73,5
35,22,4
35,48,4
35,21,4
35,14,2
35,91,4
35,15,3
35,30,4
35,86,4
35,1,4
35,6,5
35,2,2
35,32,4
35,61,4
35,50,4
36,56,3
36,17,4
36,31,3
36,38,3
36,34,4
36,51,2
36,90,3
36,95,2
36,42,3
36,58,4
36,35,3
37,23,4
37,4,2
37,52,2
37,72,3
37,96,3
37,71,2
37,32,4
37,13,4
37,14,5
37,18,5
37,16,5
37,8,4
37,29,5
37,17,4
37,48,2
37,88,3
38,62,3
38,63,3
38,45,3
38,73,4
38,65,4
38,42,4
38,50,2
38,35,3
38,24,4
38,4,3
38,41,3
38,29,3
38,89,4
38,36,4
38,8,4
38,61,5
38,46,4
38,75,4
38,30,3
38,21,4
39,91,4
39,76,5
39,13,3
39,44,3
39,39,4
39,21,5
39,82,2
40,96,2
40,10,2
40,31,5
40,45,3
40,22,4
40,82,2
40,12,3
40,91,3
40,86,3
40,93,3
40,43,4
40,58,5
40,2,2
40,34,3
40,27,2
40,32,3
40,9,3
40,99,4
40,1,3
41,71,4
41,63,5
41,20,3
41,7,3
41,47,3
41,1,2
41,55,3
41,12,3
41,38,3
41,85,2
41,81,4
41,62,5
41,26,5
41,13,2
41,4,3
41,27,1
41,22,4
41,11,2
41,15,1
41,40,4
41,79,3
41,98,2
41,34,4
41,92,3
41,70,4
42,75,5
42,98,4
42,13,2
42,14,2
42,73,4
42,97,4
42,37,4
42,69,3
42,45,3
42,53,4
42,34,4
42,84,4
42,63,3
42,74,4
42,61,5
42,5,3
42,23,3
42,36,5
42,52,3
42,19,2
42,79,3
42,82,3
42,51,4
42,43,2
42,31,3
42,7,3
42,83,3
42,35,4
43,35,4
43,84,3
43,53,4
43,66,3
43,3,3
43,99,4
43,88,5
43,61,3
43,17,2
43,83,5
43,23,3
43,29,3
43,33,2
43,78,4
43,40,3
43,92,3
44,54,3
44,52,2
44,50,2
44,95,3
44,5,3
44,75,5
44,91,3
44,74,3
44,25,5
44,93,4
44,92,4
44,29,2
44,88,3
44,69,3
44,82,4
44,61,3
44,86,5
44,65,5
45,11,3
45,63,3
45,43,5
45,81,4
45,23,3
45,41,2
45,82,2
45,1,5
45,58,4
45,36,3
45,27,1
45,22,3
45,74,4
45,21,3
45,98,3
45,12,3
45,17,1
45,79,3
45,55,4
45,52,4
45,96,5
45,50,4
45,91,4
45,5,4
45,69,3
45,26,4
45,48,3
45,2,4
45,42,1
45,25,4
45,3,3
45,86,3
46,74,2
46,86,5
46,64,3
46,20,4
46,12,3
46,66,3
46,10,3
46,93,5
46,13,3
46,83,5
46,30,4
46,59,3
47,17,3
47,90,3
47,93,4
47,21,2
47,14,4
47,54,5
47,76,3
47,62,3
47,73,2
47,24,4
47,79,2
47,49,3
48,83,3
48,21,3
48,65,2
48,61,3
48,22,3
48,10,3
48,97,3
48,63,3
48,42,2
48,31,4
48,43,3
49,29,4
49,59,3
49,43,4
49,72,3
49,80,2
49,61,3
49,92,2
49,58,3
49,13,3
49,91,4
49,1,2
49,44,4
49,46,3
49,38,4
49,71,3
49,67,4
49,48,5
49,14,3
49,6,2
49,22,4
49,64,5
49,18,4
49,53,5
49,33,5
49,25,4
49,16,2
49,51,4
49,98,4
49,96,4
49,66,3
50,8,5
50,26,1
50,35,3
50,21,2
50,37,4
50,88,3
50,33,2
50,19,4
50,38,4
50,27,3
50,70,3
50,5,4
50,58,4
50,14,3
50,79,3
50,72,3
50,29,4
50,81,4
50,31,4
50,66,2
50,95,2
50,7,5
50,49,3
50,54,5
50,41,4
50,74,1
50,2,4
51,15,4
51,50,4
51,70,3
51,93,4
51,37,4
51,4,4
51,67,3
51,48,2
51,66,4
51,58,4
51,63,4
51,6,4
51,38,4
51,84,3
51,25,3
51,42,3
51,89,4
51,11,4
51,22,4
51,69,2
51,77,4
51,1,3
51,9,3
51,27,3
51,55,2
51,14,2
51,73,4
51,56,4
51,10,4
51,20,3
51,95,2
51,59,3
51,46,4
52,63,4
52,43,4
52,46,3
52,17,5
52,86,4
52,84,5
52,31,3
52,37,5
52,80,3
52,25,4
52,58,4
52,98,2
52,79,4
52,40,4
52,75,3
52,20,4
52,73,5
52,83,5
52,47,4
52,22,4
52,1,5
52,76,4
52,32,3
52,29,3
53,34,3
53,48,2
53,30,3
53,6,3
53,86,3
53,27,2
53,67,3
53,47,3
53,61,3
53,59,2
53,84,4
53,42,3
53,14,4
54,62,4
54,98,3
54,96,2
54,27,2
54,76,5
54,21,3
54,83,3
54,53,3
54,3,4
54,32,3
54,6,4
54,17,4
54,74,3
54,93,3
54,92,3
54,81,3
54,66,3
54,97,5
54,85,3
54,19,3
54,8,2
54,22,4
54,34,3
54,24,3
54,52,2
54,37,4
54,11,4
54,58,4
55,75,3
55,33,2
55,34,4
55,69,5
55,55,5
55,73,5
55,47,4
55,79,3
55,36,3
55,88,5
55,51,4
55,27,1
55,53,3
55,72,5
55,23,3
55,48,3
55,85,3
55,81,5
55,84,4
55,98,4
55,40,3
55,74,4
55,45,3
55,89,3
55,16,4
55,30,3
55,58,3
55,21,4
55,13,2
56,15,4
56,66,4
56,33,5
56,69,3
56,74,4
56,97,5
56,57,3
56,49,3
56,73,4
56,44,5
56,59,2
56,86,3
56,76,3
56,4,4
56,93,4
56,34,4
56,9,3
56,91,3
57,98,4
57,66,5
57,36,4
57,51,3
57,29,4
57,97,5
57,74,4
57,17,5
57,7,2
57,55,5
57,62,4
57,5,3
57,65,4
57,45,2
57,88,4
58,64,4
58,18,4
58,81,2
58,67,3
58,69,2
58,93,2
58,41,2
58,63,2
58,39,4
58,33,3
58,72,3
58,73,1
58,7,2
58,51,1
58,13,5
58,21,2
58,90,2
58,43,2
58,34,3
59,96,1
59,11,3
59,27,4
59,22,5
59,51,2
59,14,3
59,13,2
59,61,3
59,71,3
59,7,3
59,4,3
59,95,3
59,68,2
59,98,4
59,94,3
59,34,3
59,80,3
59,20,2
59,85,4
59,50,3
59,40,4
59,30,3
59,32,3
59,37,3
59,57,3
59,17,3
59,73,3
59,86,3
59,99,3
59,88,5
59,5,2
59,46,4
60,92,3
60,57,2
60,2,2
60,30,3
60,12,3
60,20,3
60,64,5
60,44,2
60,54,3
60,40,3
60,48,4
60,60,3
60,90,5
60,5,4
61,7,5
61,86,2
61,15,4
61,31,5
61,82,4
61,56,4
61,42,3
61,2,5
61,22,3
61,36,3
61,75,3
61,16,4
61,51,3
61,32,3
61,91,4
61,6,4
61,88,4
61,61,3
61,77,3
61,20,2
61,48,3
61,12,3
61,85,4
61,64,3
61,80,4
61,71,3
61,46,5
61,79,4
61,14,3
61,17,3
61,63,4
61,30,4
61,94,4
61,89,4
61,98,4
61,92,5
62,30,3
62,69,3
62,50,3
62,25,3
62,68,3
62,73,4
62,23,2
62,72,5
62,96,2
62,54,5
63,5,3
63,37,3
63,3,2
63,18,2
63,39,4
63,1,3
63,29,5
63,96,3
63,71,4
63,66,4
63,72,4
63,74,3
63,82,3
63,20,3
63,13,2
63,99,4
63,59,2
63,46,4
63,80,4
63,94,3
63,34,3
63,47,3
63,32,4
63,30,4
63,33,4
63,91,1
63,12,3
63,52,2
63,89,2
64,99,3
64,40,4
64,22,2
64,45,4
64,79,3
64,57,2
64,80,3
64,19,4
64,6,4
64,30,4
64,88,5
65,33,2
65,22,5
65,37,3
65,26,2
65,90,3
65,80,3
65,35,2
65,7,4
65,60,3
65,84,4
65,9,3
66,36,4
66,8,3
66,81,5
66,50,4
66,4,2
66,72,4
66,29,4
66,20,1
66,44,3
66,51,5
66,12,3
66,49,3
66,97,5
66,30,4
66,54,4
66,31,4
66,74,4
66,90,4
66,55,3
66,40,3
66,43,4
66,58,5
67,98,3
67,35,3
67,53,4
67,29,4
67,86,3
67,27,2
67,9,2
67,23,3
67,79,3
67,63,3
67,42,3
67,59,3
67,32,3
67,55,4
67,52,3
67,6,1
67,78,4
67,49,4
67,41,3
67,51,3
67,74,2
67,69,3
68,66,5
68,79,2
68,21,4
68,49,3
68,71,3
68,96,4
68,6,4
68,22,4
68,43,2
68,73,4
68,85,3
68,20,2
68,97,4
68,19,3
68,23,3
68,7,4
68,54,4
68,40,3
68,82,3
68,58,4
68,37,5
68,24,2
68,16,3
68,17,4
68,1,4
68,33,3
68,59,2
68,64,4
68,74,5
68,69,2
68,31,2
68,28,3
69,16,5
69,95,1
69,27,3
69,79,3
69,54,5
69,53,1
69,43,2
69,45,1
69,72,3
69,82,1
69,89,3
69,26,3
69,37,2
69,33,4
69,9,4
69,40,2
69,39,3
69,65,5
69,42,1
69,1,4
69,15,5
69,92,5
69,44,2
69,51,4
69,4,2
69,23,3
69,25,3
69,74,4
70,92,2
70,67,3
70,15,3
70,1,3
70,40,3
70,6,2
70,88,4
70,12,3
70,43,3
70,60,4
70,94,3
70,14,3
70,98,3
70,85,3
70,95,2
70,3,3
70,74,3
70,84,3
70,42,2
70,26,4
70,25,5
70,37,2
71,47,3
71,51,2
71,24,5
71,90,3
71,86,3
71,43,2
71,42,2
71,59,3
71,63,4
71,4,5
71,9,4
71,15,3
71,45,1
71,60,3
71,22,3
71,37,3
72,18,2
72,75,4
72,97,5
72,82,5
72,1,2
72,19,3
72,20,2
72,58,3
72,69,4
72,38,3
72,50,2
72,79,4
73,70,3
73,28,2
73,23,3
73,61,3
73,18,3
73,25,4
73,72,4
73,47,2
73,54,5
73,20,4
73,37,4
73,86,2
73,17,3
73,3,2
73,19,4
73,63,2
73,84,4
73,11,3
73,77,2
74,94,3
74,43,3
74,54,3
74,46,3
74,38,4
74,95,2
74,22,4
74,5,3
74,89,5
74,77,5
74,39,5
74,73,5
74,34,4
74,81,3
74,61,3
74,75,4
74,93,4
74,74,3
74,7,4
74,99,4
74,4,3
74,63,2
74,11,5
74,17,3
74,65,2
74,10,2
75,75,2
75,51,2
75,60,4
75,87,5
75,31,3
75,94,5
75,96,4
75,76,4
75,25,4
75,67,3
75,24,2
75,41,3
75,2,4
75,84,4
75,9,4
75,83,3
75,53,2
75,13,4
75,68,2
75,14,4
75,58,3
75,45,3
75,29,4
75,37,3
75,33,4
75,91,2
75,5,5
75,4,4
75,12,4
76,29,3
76,1,4
76,50,4
76,62,3
76,16,3
76,69,3
76,46,5
76,43,4
76,88,3
76,39,3
76,52,3
76,8,3
76,81,4
76,83,4
76,12,2
76,47,5
76,92,5
76,44,4
76,11,2
76,59,5
76,23,4
76,71,4
76,97,4
76,25,4
77,52,4
77,42,4
77,16,3
77,88,5
77,74,3
77,70,4
77,18,2
77,98,2
77,28,2
77,6,4
77,76,2
77,23,4
77,43,4
77,9,4
77,97,4
77,36,4
77,19,3
77,54,4
77,22,4
77,71,4
77,81,5
77,57,3
77,32,3
77,75,3
77,13,2
77,49,4
77,3,3
77,63,3
77,11,3
78,31,4
78,95,3
78,53,3
78,26,3
78,49,4
78,29,4
78,10,2
78,75,5
78,63,4
78,7,2
78,19,5
78,28,4
79,32,3
79,42,4
79,56,2
79,75,4
79,29,4
79,76,3
79,20,3
79,74,2
79,1,5
79,54,4
79,88,4
79,61,3
79,65,4
79,5,5
79,55,4
79,68,2
79,51,4
79,62,4
79,13,3
79,64,3
79,31,3
79,11,4
79,72,3
79,2,5
79,53,3
79,28,4
79,17,3
79,46,4
79,38,3
79,93,5
79,12,3
79,3,3
80,23,2
80,10,2
80,14,4
80,22,3
80,36,3
80,15,2
80,90,2
80,19,4
80,64,2
80,20,2
80,27,2
80,67,3
81,46,4
81,37,4
81,59,3
81,22,3
81,80,3
81,21,4
81,92,3
81,69,3
81,24,3
81,23,3
81,91,4
81,89,3
81,86,2
81,20,4
81,31,5
82,6,4
82,18,4
82,87,3
82,71,3
82,40,4
82,4,3
82,52,3
82,29,1
82,58,5
82,46,3
82,12,5
82,42,4
82,8,3
82,78,2
82,83,3
82,25,3
82,75,3
82,90,2
82,36,3
82,3,3
82,11,3
82,69,3
82,89,4
82,97,4
82,66,4
82,82,5
82,63,4
82,96,3
82,85,4
82,47,3
82,10,1
82,88,5
82,55,3
83,7,3
83,35,3
83,47,3
83,54,3
83,82,3
83,46,4
83,98,4
83,38,4
83,91,4
83,94,3
83,10,2
83,66,3
83,25,4
83,24,3
83,13,2
83,22,4
83,42,3
84,30,3
84,40,4
84,17,1
84,27,2
84,97,4
84,11,3
84,55,3
84,89,2
84,10,4
84,3,4
84,62,4
84,6,4
84,14,2
84,5,4
84,66,4
84,76,2
84,8,4
84,61,4
84,16,2
84,33,3
84,86,2
84,9,3
84,39,5
84,13,2
84,78,3
84,96,4
84,85,3
84,24,3
84,45,3
84,4,4
85,26,4
85,52,4
85,16,3
85,30,4
85,55,4
85,64,3
85,36,3
85,98,4
85,92,4
85,99,3
85,75,3
85,76,3
85,35,4
85,97,3
85,83,4
86,49,3
86,59,4
86,5,4
86,95,2
86,23,3
86,72,3
86,85,3
86,39,3
86,22,2
86,63,5
86,56,3
86,40,2
86,50,3
86,88,3
86,15,4
86,73,2
86,83,2
86,70,2
86,74,3
86,61,4
86,76,2
86,92,4
87,64,4
87,82,4
87,10,3
87,69,4
87,28,2
87,37,4
87,34,3
87,7,5
87,39,3
87,74,3
87,52,3
87,29,3
87,96,3
87,12,2
87,75,3
87,13,3
88,39,3
88,53,4
88,41,5
88,9,4
88,82,4
88,27,2
88,97,5
88,35,5
88,37,5
88,83,5
88,21,5
88,77,2
88,31,3
88,52,3
88,85,4
88,20,4
88,25,5
88,4,4
88,32,3
88,40,5
88,60,3
88,63,3
88,72,4
88,98,2
88,55,3
88,5,3
88,88,5
88,18,3
88,79,3
88,34,5
89,51,3
89,39,5
89,12,3
89,31,4
89,96,3
89,27,3
89,21,4
89,57,2
89,81,4
89,83,3
89,53,3
89,5,2
89,11,3
89,63,2
89,61,3
89,43,2
89,55,3
89,91,4
90,22,5
90,7,3
90,52,3
90,80,5
90,55,4
90,77,5
90,34,4
90,20,3
90,12,3
90,48,3
90,99,4
90,16,5
90,68,3
90,56,3
90,59,3
90,64,4
90,29,3
90,27,3
90,25,5
90,35,4
90,37,5
90,82,4
90,49,3
90,17,3
90,84,4
90,79,5
90,76,5
90,78,5
90,24,4
91,5,4
91,61,5
91,34,4
91,21,5
91,91,3
91,60,4
91,56,3
91,15,4
91,64,5
91,57,3
91,46,2
91,72,5
91,63,4
91,59,3
91,93,2
91,19,4
92,73,4
92,17,2
92,28,5
92,7,3
92,83,4
92,37,2
92,42,3
92,10,3
92,78,4
92,49,4
92,12,3
92,52,4
92,33,4
92,23,2
92,31,4
92,86,2
92,87,4
92,3,2
92,27,3
92,50,4
92,82,2
92,20,1
92,16,3
92,39,5
92,63,3
92,56,4
92,40,3
92,98,5
92,46,2
92,13,2
92,48,4
92,32,4
93,87,4
93,89,4
93,51,3
93,39,5
93,12,4
93,17,2
93,18,3
93,25,3
93,3,4
93,4,4
93,27,3
93,19,4
93,31,4
93,56,4
93,69,4
93,97,4
93,94,5
93,95,3
93,60,5
93,83,4
93,61,4
93,55,4
93,88,1
93,98,3
93,22,3
93,20,3
93,57,4
93,63,4
93,74,5
94,27,4
94,72,3
94,7,2
94,3,3
94,34,4
94,65,4
94,9,2
94,44,2
94,56,2
94,15,4
94,80,2
94,30,4
94,16,3
94,29,4
95,1,3
95,32,3
95,61,3
95,37,5
95,65,4
95,22,5
95,11,5
95,35,4
95,48,5
95,81,4
95,97,4
95,20,4
95,88,5
95,30,4
95,55,3
95,53,4
95,59,3
95,67,3
95,87,4
96,40,3
96,82,3
96,21,4
96,3,3
96,4,3
96,76,3
96,34,3
96,31,3
96,39,3
96,55,4
96,65,3
96,15,4
96,8,2
96,48,2
96,90,3
96,81,3
96,86,5
96,46,3
96,16,3
96,7,4
96,58,5
96,88,3
96,1,3
96,59,4
96,97,2
97,6,4
97,67,3
97,20,1
97,16,3
97,48,2
97,40,3
97,94,3
97,39,3
97,99,4
97,63,5
97,4,3
97,19,3
97,87,2
97,76,2
97,54,3
97,7,4
97,93,3
97,37,3
97,28,2
97,24,3
97,1,4
97,95,2
97,45,2
97,9,4
97,98,4
97,84,3
97,62,3
98,22,4
98,37,3
98,19,5
98,24,2
98,12,5
98,20,2
98,40,2
98,53,3
98,87,3
98,8,3
98,79,3
98,42,2
98,96,4
98,4,3
98,88,4
98,39,5
98,13,3
98,97,5
98,91,3
98,86,1
98,34,1
98,49,3
98,16,4
98,7,5
99,65,3
99,88,4
99,44,3
99,82,2
99,34,5
99,91,3
99,58,4
99,35,3
99,32,5
99,85,4
99,96,3
99,27,4
99,59,2
99,77,4
99,43,3
99,3,3
99,18,3
99,1,2
99,78,5
99,61,3
99,80,3
99,23,3
99,53,3
99,72,3
99,63,3
99,69,2
99,11,1
100,7,4
100,42,4
100,56,4
100,53,2
100,36,3
100,16,4
100,88,4
100,47,2
100,92,3
100,6,4
100,29,5
100,95,2
100,54,5
100,69,3
100,58,4
100,41,4
100,1,4
100,51,4
100,25,3
100,43,3
100,11,3
100,74,2
100,4,3
100,86,4
100,55,4
100,10,3
100,32,5
101,24,3
101,32,3
101,18,2
101,6,4
101,17,3
101,40,3
101,75,3
101,56,3
101,66,3
101,84,4
101,46,4
101,93,4
101,92,3
101,70,3
101,19,2
101,61,4
101,87,3
101,44,3
101,38,3
101,48,3
101,67,4
101,83,4
102,26,4
102,3,4
102,23,2
102,34,5
102,13,5
102,87,3
102,18,3
102,49,4
102,84,3
102,15,4
102,44,3
102,27,3
102,40,3
102,59,2
102,31,3
102,48,4
102,85,3
103,92,4
103,48,2
103,68,2
103,89,2
103,62,2
103,99,4
103,64,2
103,61,3
103,35,3
103,75,4
103,52,3
103,82,2
103,84,2
103,5,3
103,27,4
103,29,5
103,26,3
103,31,5
103,51,3
104,52,1
104,99,4
104,75,3
104,84,4
104,61,3
104,96,5
104,66,5
104,20,4
104,51,3
104,30,2
104,89,5
104,27,2
104,88,3
104,67,3
104,76,4
104,60,4
104,44,3
104,11,5
104,41,4
104,25,4
104,55,4
104,54,3
104,87,4
104,58,4
104,4,4
104,48,3
104,18,4
104,17,4
104,40,4
104,95,3
104,64,5
104,98,3
105,12,3
105,37,4
105,83,2
105,59,3
105,45,2
105,92,3
105,39,5
105,51,2
105,79,5
105,23,3
105,54,4
105,32,4
105,89,2
105,80,5
105,96,4
105,50,3
105,24,3
105,73,3
105,13,4
105,91,3
105,6,2
105,31,5
105,69,3
105,9,4
105,28,4
105,64,3
105,53,4
105,16,3
105,48,3
105,10,4
106,66,4
106,14,3
106,42,1
106,97,4
106,72,4
106,25,1
106,80,2
106,27,4
106,51,3
106,55,4
106,16,2
106,30,4
106,98,3
106,46,2
106,96,3
106,23,2
106,52,5
106,50,4
107,20,2
107,49,5
107,27,3
107,83,2
107,5,4
107,31,3
107,93,4
107,77,3
107,57,3
107,95,3
107,43,5
107,18,3
107,98,4
107,6,5
107,67,3
107,54,2
108,26,4
108,35,3
108,62,4
108,11,3
108,47,4
108,51,2
108,49,4
108,22,3
108,61,5
108,57,3
108,55,4
108,65,4
108,79,3
108,56,4
108,20,2
108,97,3
108,3,3
108,96,5
108,39,3
108,69,4
108,85,3
108,23,2
108,82,2
108,40,4
108,59,4
108,37,2
109,65,4
109,69,4
109,49,4
109,76,3
109,40,3
109,94,3
109,53,4
109,97,4
109,12,3
109,14,2
109,82,3
109,74,3
109,45,2
109,19,3
109,35,4
109,96,3
109,27,2
109,51,5
109,90,4
109,1,3
110,63,4
110,97,3
110,44,3
110,55,5
110,48,2
110,88,3
110,41,3
110,31,4
110,86,3
110,52,4
110,49,4
110,79,3
110,46,3
110,43,4
110,1,3
111,19,5
111,67,3
111,74,3
111,92,5
111,65,4
111,5,5
111,17,4
111,12,3
111,39,4
111,87,4
111,71,3
111,60,4
111,22,3
111,58,3
111,15,4
111,70,3
111,31,3
111,86,3
111,91,3
111,14,4
111,4,4
111,21,2
111,42,2
111,29,4
111,33,3
111,16,5
112,20,4
112,92,3
112,27,1
112,29,1
112,90,3
112,95,4
112,7,4
112,23,3
112,63,3
112,51,2
112,39,3
113,96,3
113,95,3
113,84,3
113,2,2
113,47,1
113,93,1
113,74,4
113,14,3
113,87,4
113,19,5
113,49,2
113,55,4
113,22,5
113,8,3
113,13,1
113,46,3
113,61,5
113,23,2
113,7,3
113,16,3
113,66,4
113,76,4
113,56,5
113,20,4
113,52,3
113,32,5
113,5,3
113,79,4
113,31,4
113,51,2
113,63,5
113,39,5
113,81,4
113,88,3
114,5,3
114,25,2
114,19,4
114,39,4
114,18,3
114,76,2
114,46,3
114,36,4
114,17,3
114,94,4
114,80,3
114,55,4
114,10,2
114,33,4
114,34,3
114,49,3
115,68,3
115,94,4
115,40,1
115,76,4
115,63,4
115,13,3
115,45,3
115,90,2
115,74,4
115,35,2
115,78,2
115,7,4
115,22,3
115,41,4
115,97,3
116,12,2
116,82,4
116,11,3
116,94,3
116,31,4
116,99,3
116,22,5
116,74,4
116,8,3
116,97,4
116,37,4
116,64,5
116,2,3
116,55,4
116,66,4
116,18,3
116,62,3
116,86,4
116,83,5
116,69,5
116,16,3
116,52,4
116,85,4
116,25,5
116,1,5
116,84,4
116,78,2
116,45,4
116,32,3
116,58,4
116,92,3
116,29,3
116,93,3
116,5,4
116,24,2
117,20,2
117,45,2
117,65,5
117,2,3
117,99,4
117,88,3
117,31,4
117,7,5
117,87,4
117,44,4
117,55,3
117,77,4
117,95,2
117,56,4
117,38,4
118,66,3
118,55,3
118,83,4
118,7,4
118,39,4
118,15,5
118,35,3
118,47,2
118,45,2
118,92,3
118,54,2
118,32,4
119,16,2
119,6,4
119,76,5
119,84,5
119,25,4
119,94,2
119,91,2
119,58,4
119,13,2
119,10,2
119,70,3
119,44,3
119,39,4
119,26,3
119,69,4
119,20,3
119,97,3
119,17,2
119,93,3
119,33,4
119,72,3
119,45,2
119,47,3
119,92,2
119,98,5
119,9,2
119,62,4
119,77,5
119,65,5
120,27,3
120,57,3
120,29,4
120,42,3
120,35,4
120,97,5
120,75,3
120,81,4
120,20,4
120,58,3
120,30,5
120,48,3
120,19,4
120,12,5
120,24,4
120,59,3
120,79,3
120,23,3
120,25,4
120,73,5
120,63,4
120,77,4
120,37,4
120,3,2
120,40,5
121,37,3
121,46,5
121,10,2
121,79,4
121,43,2
121,16,4
121,11,4
121,78,2
121,20,3
121,55,4
121,68,2
121,77,4
122,64,4
122,55,4
122,89,4
122,53,3
122,82,4
122,43,4
122,84,5
122,32,2
122,50,4
122,71,2
122,99,4
122,69,5
122,85,4
122,83,3
122,81,5
122,30,3
122,88,4
123,54,4
123,20,5
123,24,4
123,61,4
123,18,2
123,68,2
123,39,4
123,96,3
123,53,2
123,44,3
123,57,3
123,83,3
123,2,2
123,37,4
123,15,3
123,98,3
123,5,3
123,78,4
123,23,3
123,65,5
123,21,5
123,86,4
123,55,4
123,59,2
123,71,3
123,34,5
123,80,5
124,62,2
124,76,2
124,5,5
124,21,3
124,20,1
124,88,3
124,60,2
124,11,3
124,81,4
124,12,3
124,30,3
124,84,4
124,19,3
124,95,2
124,65,4
124,82,2
124,44,3
124,58,3
124,17,3
124,79,2
125,34,4
125,88,4
125,83,4
125,8,3
125,90,3
125,72,2
125,2,3
125,20,3
125,14,4
125,38,4
125,49,3
125,21,4
125,73,5
125,52,2
125,10,3
125,29,3
125,50,3
125,12,4
125,45,4
125,79,3
125,76,2
125,69,3
126,56,3
126,46,3
126,89,3
126,74,3
126,50,3
126,2,4
126,72,4
126,77,5
126,10,3
126,75,4
126,79,4
126,19,4
126,42,2
126,92,3
126,20,2
126,59,2
126,84,4
126,82,3
126,53,2
126,34,4
126,1,4
126,58,2
126,17,3
126,13,3
126,5,2
126,25,4
126,27,5
127,54,3
127,87,5
127,31,4
127,1,3
127,99,4
127,5,2
127,2,1
127,4,2
127,20,3
127,48,4
127,77,5
127,41,5
127,43,3
127,22,4
127,74,2
127,97,5
127,72,3
127,51,4
127,25,4
127,80,3
127,7,4
127,84,3
127,55,4
127,17,3
127,23,2
127,52,3
127,98,5
127,21,4
127,83,3
127,30,5
127,76,4
127,8,3
128,66,5
128,98,2
128,20,3
128,47,2
128,15,2
128,4,3
128,42,2
128,29,3
128,11,3
129,58,4
129,55,3
129,77,4
129,96,4
129,35,3
129,41,4
129,80,3
129,14,3
129,50,4
129,98,2
129,26,4
129,73,4
129,46,3
129,48,3
129,81,3
129,9,3
129,99,3
129,22,5
129,5,4
129,66,3
129,33,2
129,76,4
129,53,5
130,69,2
130,68,4
130,6,5
130,44,3
130,83,4
130,3,5
130,61,3
130,13,3
130,39,4
130,36,3
131,6,5
131,15,5
131,7,4
131,39,5
131,10,4
131,34,3
131,43,2
131,79,3
131,49,4
131,35,3
131,22,3
131,75,3
131,59,3
131,16,5
131,17,3
131,19,5
131,86,4
131,53,3
131,58,4
131,84,3
131,67,3
131,68,3
131,31,5
131,62,2
131,63,3
131,36,2
131,42,4
131,73,5
131,29,5
131,12,3
131,94,3
131,38,5
131,11,5
131,23,4
131,54,4
131,56,4
132,82,4
132,37,5
132,91,2
132,77,3
132,98,2
132,94,5
132,1,3
132,13,5
132,24,5
132,65,3
132,80,4
132,62,4
132,40,4
132,31,2
132,22,5
132,41,5
132,9,4
132,85,4
132,97,3
132,43,2
132,59,4
132,19,2
133,47,4
133,27,3
133,12,3
133,25,4
133,49,5
133,82,4
133,14,3
133,36,3
133,81,4
133,87,4
133,70,3
133,68,2
133,23,5
133,34,4
133,45,3
133,43,3
133,51,5
133,76,3
133,90,3
133,40,3
133,94,5
133,6,4
133,44,4
133,16,4
133,99,3
133,59,2
133,92,5
133,37,3
133,15,4
134,53,4
134,60,3
134,4,3
134,72,2
134,97,3
134,54,4
134,12,3
134,18,2
134,79,4
134,39,3
134,32,3
134,75,5
134,66,2
134,48,5
134,17,3
134,80,4
134,70,2
134,73,4
134,38,3
134,7,3
134,51,3
134,52,5
134,1,4
134,98,2
135,19,4
135,96,5
135,85,4
135,31,3
135,22,4
135,66,4
135,95,3
135,70,3
135,26,4
135,61,3
135,62,2
135,38,3
135,13,2
135,76,4
135,64,4
136,9,3
136,83,3
136,49,3
136,61,4
136,24,3
136,74,4
136,91,2
136,65,4
136,68,3
136,34,5
136,17,3
136,90,3
136,42,3
136,76,5
136,75,4
136,45,2
136,80,3
137,25,4
137,12,3
137,75,5
137,4,4
137,81,3
137,13,3
137,27,2
137,5,3
137,18,2
137,1,4
137,53,5
137,73,4
137,70,4
137,44,3
137,24,4
137,99,4
137,92,5
137,74,3
137,65,4
137,46,4
137,72,5
137,90,2
137,9,5
137,57,3
137,55,2
137,49,4
137,84,4
137,11,2
137,17,2
137,51,3
138,17,3
138,99,2
138,55,4
138,71,2
138,18,5
138,57,3
138,16,4
138,79,2
138,48,3
138,46,5
138,25,3
138,44,4
138,97,5
138,8,3
138,31,2
138,30,3
138,12,5
138,76,3
138,81,3
138,53,3
139,48,3
139,93,5
139,19,4
139,5,4
139,31,4
139,90,3
139,57,5
139,84,4
139,98,3
139,59,3
139,3,3
139,64,3
139,35,2
140,37,4
140,69,2
140,60,2
140,55,3
140,74,3
140,93,3
140,73,3
140,67,3
140,34,4
140,49,3
140,97,5
140,31,3
140,17,3
140,2,2
140,36,4
140,84,4
140,11,4
140,70,3
140,38,3
140,44,3
140,95,3
140,51,4
140,5,4
140,83,3
140,47,3
140,35,5
140,33,4
140,16,2
140,40,4
140,42,3
141,41,4
141,66,5
141,92,4
141,95,3
141,98,4
141,75,3
141,97,4
141,45,2
141,28,2
141,49,2
141,94,3
141,5,5
141,20,2
141,90,3
141,84,4
141,11,5
141,10,3
141,29,5
141,73,4
141,65,4
141,54,4
141,69,2
141,16,5
141,68,4
141,7,4
141,61,4
141,80,3
141,67,4
141,57,1
141,35,4
141,25,4
141,38,3
141,59,3
142,76,5
142,66,3
142,11,3
142,20,4
142,1,4
142,98,4
142,93,5
142,48,5
142,87,5
142,84,5
142,59,2
142,49,4
142,42,5
142,57,4
142,23,2
142,97,4
142,92,5
142,36,4
142,13,2
142,30,4
142,39,5
142,64,5
142,44,3
142,7,4
142,73,4
142,67,1
142,68,2
142,83,5
142,55,3
142,37,4
142,50,4
142,41,5
142,89,4
143,29,3
143,87,3
143,34,4
143,61,4
143,20,4
143,63,2
143,24,4
143,64,3
143,37,4
143,17,3
143,97,3
143,82,3
143,12,3
143,67,4
143,1,4
143,56,3
143,9,2
143,93,4
143,72,4
143,23,5
143,5,3
144,63,3
144,94,3
144,29,5
144,44,3
144,82,2
144,6,2
144,40,2
144,58,3
144,53,4
144,74,3
144,22,4
144,69,3
144,81,3
144,15,3
144,79,3
144,43,3
144,17,4
144,70,4
145,98,4
145,94,3
145,3,4
145,70,2
145,78,5
145,20,4
145,13,3
145,76,4
145,51,4
145,25,5
145,40,4
145,42,3
145,55,4
145,66,4
145,96,2
145,39,5
145,36,4
145,59,2
145,26,3
145,91,4
145,34,5
145,74,3
145,61,4
145,49,3
145,84,5
145,12,3
145,29,5
145,53,3
145,80,4
146,2,3
146,16,3
146,56,2
146,98,3
146,93,4
146,87,5
146,35,4
146,67,3
146,42,2
146,79,2
146,48,3
146,73,5
146,84,5
146,22,4
146,19,3
146,95,2
146,91,2
146,27,3
146,89,3
146,88,3
146,82,4
146,61,3
147,12,3
147,79,3
147,19,3
147,22,5
147,61,4
147,1,3
147,42,4
147,10,2
147,7,3
147,18,4
147,66,4
147,57,4
147,55,3
147,86,3
147,39,4
147,65,4
147,98,4
147,16,3
148,48,3
148,65,4
148,78,3
148,35,3
148,5,4
148,83,4
148,51,4
148,90,3
148,91,3
148,81,2
149,87,5
149,41,5
149,91,3
149,22,4
149,76,3
149,93,2
149,2,3
149,86,3
149,52,4
149,54,5
149,99,4
149,8,3
149,9,4
149,25,3
149,65,4
149,19,3
149,35,3
149,11,3
149,23,3
150,34,4
150,12,3
150,63,2
150,46,3
150,75,3
150,47,2
150,45,4
150,99,4
150,83,2
150,67,3
150,58,4
150,81,3
150,88,3
150,22,2
150,5,5
150,50,4
150,20,1
150,69,2
150,73,2
151,77,3
151,87,3
151,52,4
151,39,4
151,6,2
151,30,4
151,65,4
151,14,3
151,54,4
151,55,3
151,35,4
151,74,3
151,95,4
151,76,2
151,4,3
151,66,4
151,22,3
151,99,5
152,95,2
152,76,5
152,4,3
152,29,4
152,78,2
152,23,3
152,31,3
152,48,4
152,47,3
152,44,2
152,65,3
152,1,4
152,79,3
152,77,3
152,51,3
152,10,3
152,83,3
152,30,5
152,18,3
152,64,4
152,25,3
152,39,5
152,56,2
152,12,4
152,90,3
152,50,4
152,24,2
152,55,2
152,20,5
152,37,4
152,40,3
153,95,4
153,51,4
153,32,5
153,23,3
153,11,3
153,69,2
153,13,3
153,17,3
153,19,4
153,82,3
153,64,3
153,56,4
153,45,3
153,59,4
153,97,4
153,68,3
153,73,2
153,10,3
153,42,3
153,48,4
153,5,2
153,91,2
153,93,3
153,49,5
153,66,3
154,69,4
154,90,2
154,22,4
154,87,4
154,50,4
154,52,4
154,5,4
154,85,3
154,74,3
154,11,3
154,63,3
154,72,4
154,45,4
154,27,1
154,96,5
154,68,3
155,29,5
155,52,1
155,64,2
155,58,3
155,21,4
155,23,2
155,98,5
155,95,1
155,1,3
155,69,1
155,43,5
155,84,3
155,13,2
155,50,3
155,75,4
155,54,4
155,80,3
155,53,3
155,25,5
155,4,2
156,50,3
156,10,3
156,54,3
156,34,3
156,92,5
156,69,3
156,16,3
156,95,4
156,78,3
156,83,3
156,94,5
156,4,3
156,57,3
156,38,2
156,51,4
156,6,4
156,47,4
156,52,3
156,66,3
156,87,3
156,55,3
156,93,5
156,14,3
156,19,3
156,96,4
156,15,4
156,22,3
156,81,3
156,53,3
156,74,4
156,32,2
156,17,4
156,7,3
156,71,4
157,69,4
157,95,3
157,99,3
157,11,4
157,8,3
157,58,3
157,73,4
157,32,4
157,91,4
157,24,3
157,84,4
157,90,4
157,30,2
157,59,2
157,23,5
157,6,3
157,78,4
157,35,4
157,71,4
157,12,3
157,25,4
157,17,3
157,92,3
157,39,5
157,98,5
158,40,3
158,65,4
158,14,4
158,88,3
158,39,3
158,79,3
158,27,1
158,74,3
158,87,4
158,20,3
158,42,3
158,25,2
158,51,3
159,72,5
159,95,3
159,28,2
159,80,2
159,65,4
159,14,4
159,10,1
159,32,2
159,21,4
159,42,2
159,76,3
159,63,4
159,88,4
159,91,5
160,91,4
160,34,5
160,3,3
160,18,3
160,16,4
160,83,3
160,53,4
160,55,2
160,63,3
160,7,4
160,8,3
160,66,3
160,48,4
160,95,3
160,73,4
160,5,3
160,65,4
160,42,3
160,69,3
160,88,3
160,37,3
160,43,4
160,9,3
160,10,3
160,12,4
160,15,4
160,21,3
160,84,4
161,49,2
161,7,5
161,57,2
161,52,4
161,26,3
161,27,2
161,99,5
161,76,4
161,16,4
161,12,5
161,23,4
161,65,3
161,75,4
161,67,5
161,97,4
162,20,2
162,18,2
162,61,5
162,5,3
162,77,3
162,27,3
162,85,4
162,38,4
162,80,1
162,54,5
162,21,3
162,87,4
162,23,1
162,84,3
162,99,4
162,24,2
162,86,1
162,4,3
162,64,4
162,92,3
162,40,3
162,52,4
163,67,3
163,74,1
163,35,3
163,17,2
163,42,3
163,55,2
163,85,3
163,19,4
163,75,5
163,5,4
163,50,3
163,81,3
163,7,5
163,24,4
163,91,3
163,89,3
163,31,5
163,21,3
163,95,3
163,83,3
163,98,4
163,62,4
163,45,4
164,13,3
164,88,1
164,22,3
164,82,2
164,80,3
164,29,5
164,97,5
164,92,3
164,20,2
164,70,5
164,55,3
164,26,2
164,36,4
164,7,4
164,52,4
164,38,4
165,98,3
165,42,3
165,2,3
165,82,3
165,16,3
165,67,2
165,40,3
165,68,3
165,14,1
165,99,5
165,81,3
165,77,5
165,30,3
165,85,2
165,57,2
165,39,4
165,70,4
165,96,4
165,79,2
166,76,3
166,56,2
166,86,4
166,35,2
166,14,2
166,63,3
166,72,4
166,78,2
166,73,5
166,49,5
166,83,4
166,74,3
166,16,3
166,98,3
166,31,4
167,42,2
167,95,2
167,52,2
167,45,2
167,23,2
167,12,4
167,43,3
167,46,2
167,79,4
167,69,3
167,30,3
167,40,2
167,13,4
167,82,3
167,97,4
167,87,4
167,94,3
167,24,3
167,49,3
167,26,4
167,34,5
167,63,3
167,96,3
167,57,2
167,22,3
168,70,3
168,46,3
168,10,2
168,89,3
168,18,3
168,42,3
168,32,4
168,69,3
168,75,4
168,17,3
168,13,2
168,65,3
168,61,3
168,91,4
168,41,2
168,78,2
168,30,4
168,45,2
168,71,3
168,29,4
169,25,4
169,32,5
169,77,3
169,98,5
169,23,3
169,24,3
169,4,4
169,84,5
169,16,4
169,12,3
169,13,4
169,52,4
169,74,2
170,24,5
170,69,4
170,45,3
170,13,2
170,88,3
170,20,4
170,77,4
170,48,5
170,74,3
170,23,5
170,57,3
170,65,4
170,94,3
170,4,5
170,80,4
170,5,4
170,98,2
170,16,3
170,40,4
170,38,3
170,14,3
170,96,3
170,99,4
171,40,4
171,76,3
171,96,3
171,74,4
171,70,4
171,23,1
171,83,3
171,41,3
171,95,3
171,7,3
171,69,4
171,4,3
171,39,5
172,52,3
172,6,3
172,20,4
172,19,5
172,77,3
172,32,3
172,80,3
172,86,3
172,34,3
172,55,5
172,88,4
172,74,4
172,81,4
172,40,4
172,27,2
172,84,4
172,35,4
172,53,2
172,2,2
172,54,2
172,82,2
172,49,3
172,36,3
172,25,3
172,63,4
172,33,3
172,87,4
172,51,3
172,98,3
172,58,3
172,17,4
172,29,3
172,10,2
172,15,5
172,66,5
172,21,3
172,70,4
172,72,5
173,10,2
173,3,3
173,84,3
173,74,3
173,83,3
173,50,4
173,37,3
173,88,3
173,79,4
173,92,2
173,58,3
173,31,5
173,63,4
173,89,1
173,33,2
173,45,2
173,59,3
173,62,4
173,20,4
173,81,3
173,69,2
173,47,3
173,29,4
173,19,5
173,91,3
173,23,2
173,93,2
174,20,4
174,53,3
174,41,4
174,60,4
174,32,3
174,95,2
174,17,4
174,98,2
174,63,5
174,68,4
174,81,3
174,5,3
174,87,2
174,13,3
174,11,4
174,3,2
175,22,5
175,3,3
175,76,2
175,47,5
175,75,2
175,24,2
175,58,2
175,97,3
175,63,3
175,86,3
175,73,4
175,45,5
175,44,4
175,11,3
175,48,4
175,23,3
175,18,3
175,39,4
175,51,3
176,91,3
176,44,4
176,17,4
176,45,4
176,34,3
176,71,4
176,25,3
176,63,2
176,37,3
176,35,4
176,11,3
176,58,3
176,86,3
176,88,5
176,66,2
176,3,2
176,97,5
176,14,3
176,32,3
176,10,4
176,23,4
176,48,4
177,30,3
177,21,5
177,51,4
177,82,3
177,76,3
177,38,4
177,77,4
177,53,3
177,65,5
177,96,3
177,37,4
177,55,5
177,45,3
177,31,3
177,68,3
177,1,3
177,89,4
177,98,3
177,9,3
177,8,3
177,64,5
177,85,4
177,93,2
177,11,3
177,58,3
177,12,3
177,41,4
177,47,2
177,95,4
177,34,4
178,93,4
178,48,4
178,89,4
178,17,4
178,98,3
178,73,5
178,61,4
178,9,3
178,3,3
178,58,4
178,95,4
178,27,2
178,42,4
178,30,4
178,41,5
178,82,4
178,36,4
178,72,5
179,38,5
179,94,3
179,8,3
179,95,2
179,25,2
179,68,3
179,65,5
179,32,5
179,49,3
179,55,4
179,90,3
179,2,2
179,39,5
179,34,4
180,37,5
180,42,4
180,73,5
180,97,5
180,6,4
180,66,3
180,8,1
180,92,3
180,17,5
180,64,5
180,9,4
180,89,3
180,18,3
180,20,4
180,14,4
180,67,4
180,21,5
180,31,5
180,12,4
180,47,3
180,46,3
180,44,4
180,11,3
180,53,4
180,78,3
180,88,5
180,90,4
180,52,4
180,70,3
180,93,2
180,68,3
180,54,4
181,39,3
181,87,5
181,76,3
181,99,3
181,47,2
181,60,3
181,7,4
181,83,3
181,81,3
181,30,3
181,73,3
181,96,3
181,66,5
181,4,4
181,40,3
181,2,3
181,24,3
181,43,2
181,27,4
181,50,4
181,42,2
181,59,4
181,22,4
181,63,4
181,62,4
181,37,3
181,32,4
181,10,3
181,14,4
182,90,2
182,63,3
182,30,4
182,92,3
182,7,4
182,37,3
182,47,2
182,12,2
182,59,3
182,21,4
182,87,4
182,19,3
182,42,1
182,45,2
182,53,3
182,23,3
182,75,2
182,52,3
182,84,4
182,79,2
182,38,3
183,89,3
183,97,4
183,25,4
183,92,4
183,1,3
183,65,5
183,14,3
183,64,3
183,19,2
183,10,1
183,40,3
183,31,4
183,52,2
183,39,3
184,45,4
184,88,4
184,63,2
184,4,2
184,49,2
184,5,4
184,97,4
184,12,4
184,61,4
184,33,4
184,11,3
184,32,4
184,81,4
184,59,1
184,95,2
184,44,4
184,31,4
184,78,3
184,91,3
184,94,2
184,42,3
184,40,3
184,71,3
184,58,4
184,53,3
184,84,5
184,17,2
184,96,3
184,65,2
184,9,2
184,98,4
184,30,3
184,18,3
185,2,4
185,68,2
185,86,3
185,35,3
185,75,4
185,97,3
185,99,4
185,39,4
185,18,5
185,32,4
185,28,4
185,25,4
185,87,4
185,83,5
185,96,3
185,13,3
185,23,4
185,50,2
185,71,3
185,10,4
185,19,3
185,17,3
185,66,2
186,44,3
186,69,3
186,79,4
186,81,5
186,9,5
186,95,3
186,35,3
186,91,4
186,37,4
186,77,3
186,66,4
186,30,3
186,42,3
186,31,4
186,73,4
186,25,3
186,45,3
186,40,3
186,43,5
186,97,3
186,53,4
186,34,3
187,47,2
187,98,3
187,7,4
187,6,3
187,9,3
187,14,4
187,69,4
187,35,3
187,17,4
187,96,2
187,88,3
187,55,5
188,59,3
188,79,3
188,22,5
188,23,5
188,29,3
188,36,2
188,14,2
188,1,4
188,31,4
188,86,4
188,40,4
188,75,4
188,77,4
188,50,2
188,28,3
188,30,3
188,13,4
189,74,3
189,45,2
189,49,4
189,3,3
189,63,5
189,56,5
189,58,5
189,55,3
189,12,3
189,93,3
189,33,5
189,98,5
189,30,5
189,35,3
189,97,4
189,34,4
189,62,3
189,21,3
189,22,4
189,29,5
189,75,3
189,68,2
190,66,3
190,3,3
190,65,4
190,8,3
190,51,2
190,18,3
190,22,3
190,7,3
190,61,4
190,20,1
190,17,2
190,31,4
190,48,3
190,60,4
190,59,3
190,23,3
191,19,3
191,76,3
191,96,2
191,84,4
191,39,4
191,51,4
191,32,4
191,99,4
191,3,4
191,30,3
191,57,3
191,33,4
191,63,2
191,52,3
191,83,3
191,82,3
191,17,2
191,54,5
191,7,4
191,91,3
191,90,3
191,38,4
191,81,2
191,97,4
191,45,3
191,79,4
191,50,3
191,56,2
191,10,1
191,72,3
192,48,3
192,34,3
192,72,3
192,71,2
192,43,4
192,81,3
192,86,4
192,68,3
192,20,4
192,76,2
192,67,4
192,36,4
192,77,3
192,29,3
192,3,3
192,62,3
192,35,3
192,92,4
192,66,4
192,39,4
192,64,5
192,52,4
192,7,4
192,73,4
193,90,1
193,46,2
193,74,5
193,12,2
193,6,3
193,22,4
193,40,4
193,43,4
193,13,3
193,5,4
193,75,3
193,11,3
193,94,3
193,79,3
193,1,3
193,25,3
193,93,3
193,51,1
193,63,5
193,14,3
193,35,3
193,76,4
193,38,4
193,68,4
193,10,3
193,37,3
193,18,4
193,60,5
193,34,4
193,66,4
194,43,4
194,19,4
194,6,2
194,18,3
194,31,3
194,66,2
194,78,4
194,64,2
194,36,5
194,24,2
194,54,4
194,5,4
194,2,3
194,81,3
194,47,4
194,44,4
194,48,4
194,83,4
194,1,4
194,14,2
194,62,1
194,65,3
194,98,3
194,99,4
194,76,4
194,91,3
194,68,2
194,75,3
194,56,2
194,97,5
194,59,3
194,84,3
195,1,3
195,31,3
195,9,4
195,35,4
195,23,4
195,58,3
195,44,4
195,16,3
195,65,3
195,69,4
195,60,4
195,66,3
195,79,4
195,11,2
195,46,3
195,12,3
195,81,2
195,95,5
195,50,3
195,25,5
195,70,3
195,33,4
195,3,4
195,97,4
195,21,4
195,19,3
195,92,5
195,75,5
195,76,4
195,45,3
195,22,5
195,55,3
196,16,4
196,24,3
196,74,4
196,75,4
196,11,4
196,30,3
196,7,5
196,40,5
196,71,4
196,94,5
196,97,3
196,88,3
196,39,3
196,86,4
196,83,4
196,52,2
196,6,4
197,52,3
197,76,3
197,53,3
197,75,3
197,37,4
197,35,5
197,32,5
197,79,3
197,16,3
197,54,4
197,83,3
197,78,3
197,1,3
198,36,4
198,57,3
198,26,3
198,82,4
198,19,4
198,50,2
198,46,4
198,25,4
198,86,2
198,97,5
198,32,5
198,63,3
198,89,4
198,99,4
198,56,2
198,7,4
198,33,5
198,1,3
198,83,4
198,60,2
198,76,2
198,59,3
198,68,2
198,93,3
198,53,4
198,37,4
199,73,4
199,46,3
199,49,3
199,61,4
199,80,3
199,26,4
199,42,5
199,6,3
199,98,4
199,95,2
199,31,4
199,69,2
199,43,4
199,30,4
199,56,4
199,72,3
199,3,2
199,10,3
199,14,3
199,18,3
199,82,4
199,53,2
199,27,3
199,60,2
200,38,3
200,59,4
200,85,3
200,58,4
200,29,4
200,80,3
200,18,4
200,5,4
200,16,3
200,93,4
200,27,4
200,97,3
200,98,4
201,57,5
201,36,3
201,41,2
201,34,4
201,28,4
201,3,3
201,26,3
201,52,2
201,38,5
201,49,3
201,69,3
201,60,3
201,12,3
201,75,4
201,15,4
201,17,2
201,7,3
201,30,5
201,88,3
201,84,2
201,72,4
201,51,3
201,85,1
201,18,4
201,82,1
201,67,3
201,24,4
201,80,2
201,81,2
201,83,3
201,31,5
201,73,3
201,10,3
201,95,3
201,35,3
201,98,4
202,20,4
202,52,3
202,49,4
202,73,4
202,16,3
202,31,4
202,53,3
202,99,4
202,35,4
202,66,3
202,30,3
202,42,3
202,48,5
202,7,4
202,47,2
202,40,3
202,22,4
202,74,4
202,97,3
202,6,4
202,79,4
202,61,4
202,86,4
202,93,3
202,27,4
202,94,3
203,81,4
203,50,3
203,21,2
203,97,4
203,48,3
203,38,4
203,6,4
203,24,3
203,52,4
203,30,4
203,93,2
203,87,3
203,44,2
203,70,4
203,88,5
203,25,3
203,3,3
203,86,3
203,11,1
204,26,3
204,31,5
204,76,4
204,12,3
204,64,4
204,18,4
204,52,4
204,83,3
204,42,3
205,32,4
205,89,3
205,49,4
205,43,3
205,82,3
205,64,5
205,34,5
205,37,4
205,77,4
205,16,4
205,54,4
205,1,2
205,80,3
205,28,5
205,51,3
205,48,2
205,79,4
205,45,4
205,18,4
205,40,4
205,76,3
205,87,4
206,42,4
206,96,3
206,13,3
206,23,3
206,99,4
206,44,3
206,46,4
206,7,3
206,56,3
206,66,3
206,24,2
207,93,3
207,16,2
207,7,3
207,14,2
207,86,4
207,48,4
207,58,4
207,3,2
207,97,4
207,65,5
207,94,2
207,73,3
207,75,3
207,9,3
207,37,3
207,74,4
207,24,4
207,99,5
207,84,3
207,22,2
207,52,2
207,54,5
207,49,4
207,82,3
207,59,3
208,19,4
208,52,4
208,76,3
208,46,3
208,87,3
208,56,2
208,85,2
208,35,4
208,12,4
208,71,3
208,49,5
208,74,3
208,45,3
208,53,4
208,81,4
208,10,3
208,28,3
208,2,2
208,72,4
208,62,2
208,55,3
208,13,3
208,93,3
208,25,4
208,41,4
208,44,2
208,16,3
208,73,4
208,98,3
208,20,4
208,69,3
209,69,4
209,34,5
209,9,4
209,25,4
209,26,4
209,95,2
209,59,3
209,30,4
209,12,4
209,17,3
209,46,2
209,22,4
209,94,4
209,45,2
209,52,4
209,14,2
209,60,3
209,11,4
209,82,3
209,27,3
209,87,3
209,83,4
209,80,2
209,1,4
209,49,2
209,29,5
209,55,4
209,31,3
210,58,3
210,95,3
210,3,3
210,64,4
210,90,5
210,76,4
210,70,3
210,82,3
210,55,3
210,52,4
210,88,4
210,16,5
210,59,3
210,62,3
210,98,3
210,96,3
210,31,3
210,84,3
210,19,3
210,2,3
210,1,3
210,49,4
210,93,4
210,79,4
210,11,4
210,22,2
210,24,3
210,29,4
210,45,3
210,42,3
210,12,3
211,70,2
211,20,3
211,80,3
211,74,2
211,65,3
211,97,3
211,17,2
211,41,2
211,67,2
211,95,3
211,26,2
211,92,4
211,5,3
211,83,4
211,69,1
211,68,3
211,1,3
211,52,3
211,24,4
211,31,5
211,48,2
211,7,4
211,35,3
212,44,3
212,68,4
212,88,4
212,48,4
212,14,3
212,29,4
212,65,4
212,72,4
212,91,3
212,51,2
212,47,3
212,4,3
212,83,3
212,63,4
212,67,3
212,34,3
212,42,3
213,3,2
213,80,4
213,35,3
213,20,4
213,90,2
213,83,3
213,14,3
213,37,4
213,99,4
213,12,3
213,5,4
213,46,3
213,23,3
214,22,4
214,91,2
214,44,4
214,66,4
214,95,2
214,86,2
214,36,4
214,70,4
214,81,2
214,93,1
214,76,5
214,55,2
214,47,1
214,79,3
214,37,5
214,23,2
214,65,4
214,17,4
214,39,4
214,16,3
214,11,3
214,92,1
214,43,2
214,4,2
214,98,5
214,1,3
214,6,3
214,90,3
214,20,3
214,40,3
214,48,2
214,30,5
214,80,4
214,5,1
214,62,3
214,77,5
215,19,3
215,12,2
215,66,5
215,86,3
215,59,3
215,49,3
215,31,3
215,14,1
215,51,2
215,7,3
215,91,3
215,24,4
215,57,2
215,16,1
215,61,4
215,23,3
215,9,4
215,94,1
216,74,3
216,79,5
216,92,5
216,15,4
216,24,3
216,58,4
216,75,4
216,1,3
216,95,3
216,98,4
216,23,4
216,88,1
216,9,3
216,8,4
216,43,3
216,77,5
216,60,3
216,97,5
216,94,3
216,63,4
216,42,4
216,18,4
216,90,3
216,17,3
216,20,4
216,4,3
216,52,2
216,44,3
216,49,2
217,27,2
217,21,5
217,16,4
217,88,5
217,90,4
217,59,2
217,53,3
217,97,4
217,85,3
217,18,3
217,7,3
217,78,3
218,13,3
218,12,5
218,37,3
218,3,5
218,72,4
218,88,2
218,81,2
218,68,3
218,18,4
218,44,3
218,74,3
218,86,3
218,42,3
218,20,3
218,77,4
219,4,2
219,19,3
219,62,4
219,7,3
219,55,2
219,16,3
219,47,3
219,30,3
219,72,3
219,64,4
219,36,3
219,22,4
220,48,4
220,76,5
220,87,4
220,45,2
220,37,3
220,55,5
220,23,3
220,32,4
220,33,2
220,14,4
220,18,5
221,53,3
221,58,3
221,14,4
221,32,5
221,7,3
221,92,2
221,30,5
221,43,2
221,11,4
222,51,4
222,20,3
222,11,4
222,75,3
222,9,3
222,68,4
222,31,3
222,3,3
222,5,4
222,35,2
222,52,3
222,54,3
222,55,4
222,13,4
222,40,3
222,43,4
222,76,4
222,4,3
222,92,3
222,7,4
222,58,2
222,63,3
222,60,5
222,16,4
222,33,1
222,86,4
222,87,2
222,34,3
222,90,4
222,84,4
222,50,4
223,48,3
223,88,3
223,97,5
223,79,3
223,74,3
223,66,4
223,65,4
223,75,4
223,19,5
223,11,3
223,57,3
223,3,2
223,69,5
223,81,3
224,66,3
224,64,4
224,87,4
224,76,4
224,35,5
224,22,5
224,77,3
224,86,5
224,55,4
224,72,4
224,65,2
224,20,4
224,93,4
224,97,4
224,51,2
224,75,5
225,79,2
225,55,5
225,4,4
225,35,5
225,58,3
225,66,3
225,40,3
225,20,4
225,9,3
225,72,4
225,14,3
225,50,3
225,19,4
225,46,2
225,75,2
225,98,4
226,1,3
226,44,3
226,24,5
226,6,3
226,42,2
226,72,3
226,66,3
226,13,4
226,52,3
226,43,2
226,3,5
226,22,3
226,36,3
226,39,4
226,64,4
226,19,4
226,34,4
226,16,3
226,90,2
226,55,2
226,41,3
226,5,3
227,16,2
227,79,3
227,18,4
227,93,5
227,77,4
227,87,4
227,24,3
227,8,4
227,88,4
227,62,4
227,47,5
227,32,3
228,7,4
228,38,4
228,49,3
228,88,3
228,36,4
228,95,4
228,72,3
228,79,3
228,53,2
228,42,3
228,34,5
228,21,3
228,40,4
228,41,3
229,24,1
229,98,4
229,55,3
229,89,2
229,61,5
229,40,2
229,52,3
229,18,3
229,41,3
229,79,3
229,4,2
229,14,4
229,11,4
229,23,1
229,36,3
229,91,4
230,56,5
230,45,3
230,76,4
230,97,3
230,69,3
230,7,3
230,60,4
230,71,3
230,82,3
230,22,4
230,48,2
230,34,3
230,66,2
230,23,3
230,40,3
230,17,4
231,72,3
231,69,4
231,49,4
231,88,5
231,22,5
231,10,2
231,61,4
231,46,4
231,2,1
231,84,4
231,70,3
231,9,3
231,78,4
231,50,5
231,6,2
231,33,3
231,43,3
231,25,5
231,5,2
231,30,3
231,89,3
231,65,4
231,19,3
231,35,4
231,81,5
231,40,5
231,91,3
231,79,4
231,14,4
231,87,4
231,92,2
231,56,4
232,73,3
232,27,5
232,23,3
232,67,3
232,66,4
232,7,4
232,92,2
232,74,3
232,72,3
232,28,2
232,22,5
232,19,5
232,16,4
232,15,4
232,2,1
232,24,2
232,30,5
232,97,4
232,1,3
232,3,1
232,9,3
232,96,4
232,50,4
232,60,4
232,49,2
232,4,2
232,95,1
232,76,3
232,87,4
232,84,2
232,11,4
232,53,3
232,88,3
232,83,2
233,72,3
233,67,3
233,82,2
233,73,4
233,16,4
233,61,5
233,68,2
233,88,5
233,85,3
233,83,5
233,63,3
233,79,4
233,10,4
233,4,3
233,48,3
233,76,4
233,55,3
233,24,4
233,86,5
233,59,2
233,87,5
233,92,4
233,49,3
233,3,3
233,31,3
233,17,4
233,74,3
234,65,3
234,17,3
234,1,2
234,74,5
234,19,4
234,98,4
234,64,2
234,97,3
234,96,4
234,3,3
234,7,3
234,9,3
234,81,2
234,52,3
234,29,4
234,53,3
234,88,3
234,59,4
234,22,5
234,18,3
234,86,2
235,56,2
235,76,3
235,41,5
235,88,3
235,1,4
235,62,2
235,84,4
235,12,4
235,65,3
235,74,1
235,40,4
236,34,4
236,43,3
236,20,2
236,46,4
236,72,3
236,85,3
236,79,3
236,52,4
236,29,5
236,24,3
236,9,3
236,60,3
236,38,5
236,47,2
236,33,3
236,31,5
236,44,3
236,94,2
236,54,5
236,90,1
236,89,3
236,35,4
236,70,3
236,56,4
236,98,4
236,55,3
236,25,4
236,88,3
237,41,5
237,73,5
237,46,4
237,7,4
237,11,4
237,15,3
237,44,4
237,24,1
237,45,4
237,76,4
237,34,3
237,57,2
237,80,4
237,87,5
237,5,3
237,81,3
237,37,4
238,8,5
238,53,4
238,63,4
238,74,2
238,83,3
238,3,4
238,51,5
238,10,3
239,82,4
239,45,5
239,2,2
239,10,2
239,64,5
239,49,5
239,41,5
239,17,4
239,51,3
239,24,2
239,37,4
239,14,4
239,59,3
239,69,4
239,75,3
240,73,4
240,24,2
240,12,5
240,22,3
240,76,4
240,94,3
240,55,5
240,40,4
240,95,3
240,51,3
240,6,3
240,30,3
240,31,4
240,54,5
240,23,2
240,19,5
240,59,2
240,48,3
240,46,3
240,97,4
240,10,3
241,66,3
241,75,3
241,23,3
241,36,5
241,43,3
241,40,4
241,7,4
241,85,4
241,13,2
241,18,4
241,22,4
241,93,4
241,97,5
241,21,5
241,1,4
242,57,2
242,64,1
242,46,3
242,17,1
242,90,2
242,32,3
242,48,3
242,25,4
242,6,4
242,96,4
242,65,3
242,12,4
242,54,4
242,43,3
242,7,3
242,53,4
242,33,4
242,1,3
242,8,3
242,45,3
242,30,3
242,59,3
242,74,4
242,97,4
242,81,3
242,69,4
242,29,3
242,89,2
242,10,3
243,19,5
243,53,3
243,86,3
243,18,4
243,95,2
243,44,3
243,84,4
243,72,5
243,42,2
243,35,4
243,87,3
243,20,3
243,66,3
243,82,3
243,6,4
243,69,4
243,64,2
244,89,2
244,73,4
244,87,4
244,35,4
244,43,2
244,59,4
244,52,2
244,76,4
244,96,5
244,82,4
244,94,2
244,26,3
244,31,4
244,56,4
244,48,3
244,98,2
244,61,4
244,51,3
244,50,4
244,77,5
244,65,4
245,53,4
245,29,3
245,59,3
245,98,2
245,14,5
245,88,4
245,3,3
245,4,4
245,69,3
245,83,2
245,93,4
245,16,3
245,64,4
245,68,3
245,46,3
245,22,5
245,19,5
245,87,3
245,11,3
245,48,4
245,71,3
245,58,5
245,12,4
245,72,3
245,36,2
245,41,2
245,21,4
245,27,2
245,47,3
246,81,4
246,12,3
246,64,3
246,22,5
246,5,3
246,26,3
246,16,4
246,93,3
246,49,2
246,80,2
246,45,3
246,88,3
246,20,4
246,67,3
246,23,2
246,4,3
246,77,4
246,24,3
246,74,3
246,63,2
246,87,4
246,17,5
246,48,3
246,31,3
246,19,5
246,95,3
246,86,4
246,57,3
246,30,3
246,25,3
246,83,4
246,1,2
247,49,4
247,24,4
247,80,1
247,44,4
247,48,4
247,84,3
247,7,4
247,50,5
247,82,3
247,93,3
247,62,3
248,61,5
248,6,4
248,41,3
248,33,2
248,73,4
248,10,3
248,23,3
248,81,3
248,85,3
248,9,3
248,48,3
248,12,3
248,55,5
248,35,4
248,99,4
248,87,3
248,44,4
248,43,3
249,57,3
249,84,5
249,98,3
249,4,3
249,59,3
249,44,4
249,74,5
249,68,3
249,69,3
249,80,5
249,70,4
249,54,5
250,18,4
250,54,4
250,72,5
250,60,4
250,51,5
250,40,3
250,70,5
250,86,4
250,98,3
250,56,4
250,64,3
250,52,3
251,7,5
251,48,2
251,76,2
251,60,5
251,93,4
251,2,3
251,23,3
251,45,3
251,15,4
251,68,3
251,87,5
251,53,3
251,99,4
251,55,5
251,39,5
251,31,2
251,11,3
252,65,4
252,54,3
252,17,2
252,78,4
252,93,3
252,62,3
252,95,2
252,28,2
252,74,4
252,86,3
252,69,3
252,83,2
252,75,4
252,35,4
252,13,4
252,32,4
252,14,2
252,2,3
252,91,1
253,34,4
253,91,3
253,47,3
253,71,5
253,39,4
253,25,4
253,90,4
253,42,4
253,51,3
253,29,4
253,11,2
253,10,2
253,70,4
254,75,2
254,7,5
254,20,3
254,84,4
254,12,3
254,83,3
254,85,3
254,63,5
254,57,5
254,37,3
254,9,4
254,34,4
254,25,4
254,5,4
254,39,3
254,27,3
254,97,3
254,30,3
254,69,5
254,98,4
254,21,4
254,72,5
254,44,3
254,24,1
254,58,5
254,78,3
254,74,4
255,42,3
255,34,4
255,53,3
255,80,4
255,24,3
255,97,3
255,7,4
255,47,3
255,82,3
255,30,3
255,69,4
255,57,4
255,20,3
255,61,5
255,19,4
255,44,3
255,65,4
255,9,2
255,92,3
255,87,3
255,41,4
255,6,4
255,79,4
255,89,2
255,51,4
255,84,3
255,37,3
255,33,4
256,3,4
256,40,3
256,65,5
256,64,3
256,66,4
256,75,4
256,43,3
256,2,3
256,35,4
256,60,3
256,22,3
256,48,2
256,49,2
256,97,4
256,45,3
256,10,4
256,41,3
256,25,4
256,58,3
256,95,2
257,34,3
257,80,4
257,66,2
257,4,3
257,83,3
257,86,3
257,71,5
257,44,3
257,25,4
257,14,4
257,29,3
257,84,3
257,69,4
257,35,3
257,74,4
257,87,4
257,21,4
257,9,2
257,11,2
257,23,3
257,20,3
257,91,2
257,75,4
257,10,4
257,48,3
257,97,5
257,15,3
258,77,3
258,79,3
258,74,5
258,89,2
258,68,3
258,84,4
258,21,3
258,66,3
258,26,2
258,15,5
258,71,3
258,3,4
258,29,4
258,55,5
258,53,3
258,86,3
258,22,5
258,1,5
258,78,3
258,45,1
258,95,3
258,91,3
258,44,3
258,25,4
258,51,4
259,29,3
259,45,3
259,24,4
259,60,2
259,95,3
259,77,4
259,9,2
259,42,3
259,3,1
259,52,3
259,91,3
259,64,3
259,50,3
259,13,3
259,6,3
259,55,2
259,81,4
259,48,4
259,75,3
259,22,4
259,1,3
259,69,3
259,84,4
259,35,3
259,10,3
259,17,2
259,96,3
259,53,4
259,15,5
259,59,2
260,44,2
260,27,4
260,52,3
260,94,4
260,75,3
260,69,2
260,96,4
260,14,4
260,49,3
260,95,2
260,93,4
260,4,5
260,34,4
260,41,3
260,2,3
260,78,4
260,22,4
260,66,3
260,83,3
260,42,2
260,16,5
260,5,4
260,97,4
260,18,4
260,59,2
260,6,4
261,5,2
261,4,5
261,81,5
261,55,4
261,48,4
261,89,4
261,16,4
261,7,4
261,30,3
261,35,4
261,38,4
261,39,4
261,33,2
261,17,4
261,77,3
261,83,4
261,6,4
261,36,4
261,44,3
261,94,5
261,72,3
261,52,3
261,22,4
261,86,4
261,49,5
261,19,3
261,84,4
261,97,4
261,42,3
261,45,3
261,40,4
262,8,3
262,7,4
262,82,3
262,40,3
262,77,3
262,12,3
262,34,3
262,58,5
262,59,4
262,35,3
262,61,3
263,24,3
263,55,4
263,5,4
263,66,4
263,61,4
263,65,4
263,69,4
263,23,3
263,72,4
263,9,3
263,46,2
263,70,3
263,94,2
263,26,2
263,2,4
263,37,4
263,90,3
263,56,4
263,98,3
263,41,4
263,16,3
263,57,4
264,95,4
264,66,5
264,39,3
264,80,2
264,97,5
264,86,5
264,79,2
264,59,3
264,75,3
264,48,3
264,57,4
264,22,4
264,72,5
264,63,5
264,43,2
264,82,5
264,91,2
264,74,5
265,69,4
265,11,3
265,74,3
265,32,4
265,79,3
265,63,5
265,98,4
265,96,4
265,44,2
265,95,3
265,2,3
265,3,4
265,80,2
265,87,5
265,81,3
265,22,3
265,14,3
265,57,3
265,60,2
265,83,2
265,7,4
265,48,1
265,41,3
265,19,4
265,72,5
265,55,3
265,29,4
265,75,4
265,12,3
265,77,4
265,85,2
266,49,5
266,32,5
266,51,4
266,87,4
266,79,3
266,18,3
266,66,2
266,31,4
266,61,3
266,63,2
266,24,4
266,59,4
267,1,4
267,63,4
267,34,3
267,19,3
267,97,4
267,54,3
267,55,2
267,98,4
267,66,3
267,14,3
267,82,2
267,35,4
267,59,3
267,15,3
267,68,3
267,75,3
267,30,4
267,76,4
267,3,4
267,53,3
267,6,3
268,2,4
268,30,2
268,92,4
268,99,4
268,78,3
268,94,4
268,80,2
268,45,3
268,66,4
268,82,4
268,54,4
268,3,5
268,24,3
268,70,3
268,17,4
268,51,4
268,18,5
268,34,3
268,22,5
269,87,4
269,28,2
269,23,3
269,54,5
269,13,2
269,14,3
269,69,4
269,80,4
269,7,5
269,5,4
269,25,4
269,40,3
269,49,3
269,68,4
269,95,3
269,99,4
269,98,3
269,91,3
269,2,3
269,20,3
269,70,1
269,52,2
269,22,3
269,78,4
269,90,3
269,43,3
269,31,4
270,97,5
270,11,4
270,19,3
270,94,4
270,86,3
270,3,3
270,75,5
270,35,4
270,40,5
270,95,4
270,61,4
270,24,4
270,49,4
270,79,3
270,27,2
270,87,4
270,54,4
270,83,5
270,81,4
271,40,4
271,59,2
271,34,5
271,4,2
271,66,2
271,96,3
271,30,4
271,57,3
271,85,2
271,72,4
271,12,4
271,73,5
271,15,5
271,74,3
271,5,5
271,63,3
271,80,4
271,17,4
271,11,5
272,92,4
272,52,2
272,59,5
272,31,3
272,76,4
272,15,4
272,1,4
272,67,3
272,90,2
272,74,4
272,73,2
272,12,5
272,16,4
272,85,3
272,98,3
272,3,3
272,75,3
272,50,2
272,87,4
272,20,5
272,18,4
272,64,2
272,97,3
272,69,3
272,70,3
273,66,4
273,77,4
273,99,4
273,37,3
273,1,5
273,20,2
273,51,4
273,19,5
273,5,4
273,68,3
273,45,3
273,65,4
273,9,3
273,64,3
273,34,3
273,89,3
273,42,2
273,18,4
274,17,2
274,73,5
274,95,3
274,81,3
274,55,4
274,45,2
274,12,3
274,4,3
274,84,4
274,34,4
274,69,2
274,2,3
275,53,4
275,69,2
275,22,4
275,21,3
275,13,4
275,87,5
275,17,2
275,59,2
275,86,3
275,24,4
275,51,4
275,58,3
275,1,4
275,66,2
275,88,4
275,54,3
275,50,4
275,45,3
275,52,4
275,20,2
275,92,3
275,10,3
275,57,1
275,99,3
275,70,2
276,65,2
276,23,5
276,93,5
276,9,4
276,68,1
276,36,4
276,76,3
276,54,2
276,69,1
276,3,5
276,52,5
276,34,3
276,45,4
276,6,4
276,24,4
276,12,4
276,21,3
276,48,3
276,40,4
277,20,3
277,46,3
277,88,2
277,92,4
277,79,2
277,7,4
277,65,4
277,34,2
277,13,3
277,75,3
277,83,3
277,37,3
277,82,3
277,60,4
277,68,3
277,43,3
277,2,3
277,16,4
277,10,3
277,27,3
277,57,4
277,29,4
277,76,3
277,84,2
277,22,3
277,80,3
277,3,3
277,61,5
277,72,3
277,77,4
277,1,4
277,69,1
278,53,4
278,39,4
278,19,3
278,10,3
278,1,4
278,62,4
278,47,4
278,6,4
278,84,3
278,67,2
278,34,4
278,37,3
278,91,4
278,15,4
278,80,2
278,69,1
278,29,4
278,74,3
278,83,3
278,70,2
278,38,3
278,65,4
278,9,3
278,78,2
278,4,3
278,92,5
278,98,3
278,14,1
278,55,3
278,95,2
278,99,3
279,84,4
279,69,3
279,83,4
279,30,4
279,98,3
279,63,2
279,41,3
279,40,3
279,95,2
279,68,2
279,3,2
279,24,3
279,57,2
279,39,4
279,65,5
279,42,3
279,59,4
279,96,4
279,50,4
279,7,3
279,23,3
279,43,5
279,34,3
279,51,4
279,52,3
279,19,3
279,58,3
279,75,3
280,19,4
280,24,2
280,62,3
280,27,2
280,52,3
280,96,3
280,17,3
280,59,3
280,8,2
280,91,3
280,23,3
280,83,5
280,14,2
280,98,4
280,10,3
280,60,3
280,48,3
280,84,4
280,63,3
281,44,2
281,88,3
281,2,2
281,38,3
281,75,3
281,26,3
281,27,3
281,24,2
281,53,2
281,59,3
281,33,4
281,36,4
281,49,4
281,74,3
281,29,3
282,58,3
282,51,3
282,83,2
282,43,3
282,22,4
282,59,4
282,95,5
282,71,4
282,97,4
282,39,3
282,46,3
282,27,1
282,76,5
282,63,5
282,34,4
282,80,4
282,81,4
282,87,4
282,48,3
282,3,3
282,1,3
282,65,4
282,56,4
283,97,4
283,32,3
283,25,3
283,51,3
283,76,3
283,17,3
283,1,3
283,69,4
283,4,3
283,45,2
283,73,3
283,96,3
283,95,3
283,83,3
283,30,4
284,93,4
284,52,4
284,17,3
284,55,1
284,61,4
284,41,3
284,20,3
284,66,3
284,81,4
284,33,3
284,50,3
284,14,2
284,19,4
284,90,3
284,4,4
284,80,4
284,16,2
285,87,3
285,42,3
285,90,2
285,15,3
285,76,4
285,24,3
285,1,2
285,39,3
285,96,3
285,62,4
285,64,3
285,6,2
285,88,3
285,82,3
285,49,2
285,74,4
285,27,3
285,31,5
285,22,3
285,77,4
285,72,3
285,86,3
285,46,3
285,13,2
285,73,4
285,8,2
285,78,4
285,44,3
286,18,4
286,53,3
286,52,4
286,1,4
286,34,4
286,44,2
286,7,4
286,75,4
286,47,3
286,56,3
286,25,4
286,24,3
286,9,3
287,28,3
287,91,3
287,68,3
287,46,3
287,2,3
287,74,3
287,42,3
287,30,3
287,60,4
287,23,1
287,35,3
287,55,4
287,12,3
287,57,2
287,19,4
287,29,3
287,87,4
287,15,3
288,23,4
288,39,3
288,90,3
288,24,4
288,22,5
288,37,4
288,72,4
288,29,3
288,57,4
288,40,2
288,35,4
288,99,4
288,10,3
288,45,2
288,55,4
288,43,2
289,69,5
289,34,3
289,55,5
289,7,3
289,40,3
289,63,5
289,83,3
289,82,2
289,53,3
289,13,3
289,38,2
289,29,3
289,59,4
289,65,5
289,97,4
289,36,4
289,85,3
289,94,4
289,51,3
289,49,3
289,11,3
289,70,4
290,54,4
290,53,3
290,74,3
290,83,4
290,36,5
290,11,4
290,3,1
290,66,3
290,65,3
290,56,4
290,43,2
290,28,3
290,98,3
291,53,5
291,51,3
291,24,5
291,98,4
291,9,3
291,52,3
291,74,3
291,87,3
292,34,4
292,22,4
292,52,4
292,76,5
292,4,3
292,27,1
292,96,3
292,69,4
292,88,2
292,86,3
292,31,3
292,12,3
292,87,4
292,42,2
292,39,3
292,77,3
292,3,3
292,37,2
292,46,4
292,73,5
292,54,4
292,58,4
292,93,4
292,49,4
292,23,3
292,9,3
293,22,3
293,77,4
293,23,2
293,84,5
293,38,4
293,39,5
293,68,2
293,4,2
293,3,3
293,59,3
293,19,4
293,67,2
293,65,4
293,75,3
293,44,3
293,73,4
293,24,2
293,60,4
293,36,5
293,12,3
293,97,4
293,1,4
294,1,4
294,17,3
294,38,2
294,32,3
294,49,3
294,41,3
294,18,3
294,40,4
294,6,4
294,88,4
294,29,3
294,55,5
294,33,2
294,65,5
294,11,2
294,69,3
294,57,3
294,48,3
294,3,2
294,95,2
294,52,3
294,35,3
294,66,5
294,70,3
294,19,3
294,16,3
294,87,3
294,99,4
294,64,5
294,76,3
294,79,3
295,1,4
295,39,3
295,7,3
295,84,5
295,85,4
295,90,2
295,60,3
295,52,3
295,19,3
295,79,3
296,18,4
296,38,3
296,43,3
296,91,3
296,84,5
296,20,4
296,8,1
296,24,2
296,30,3
296,44,2
296,88,5
296,4,1
296,73,3
296,63,4
296,55,4
296,82,4
296,78,3
296,14,3
296,34,4
296,72,4
296,52,2
296,17,3
296,93,2
296,70,4
296,5,4
296,48,4
296,76,5
296,69,4
296,75,4
296,1,2
296,11,3
297,42,4
297,10,2
297,97,3
297,98,5
297,61,3
297,81,4
297,5,4
297,89,4
297,72,3
297,46,3
297,12,4
297,31,5
297,85,4
297,22,4
297,69,2
297,76,3
297,45,3
297,11,5
297,35,3
297,91,5
297,25,3
297,33,4
298,57,2
298,69,3
298,2,3
298,20,4
298,51,2
298,42,3
298,90,2
298,44,4
298,12,4
298,49,3
298,37,4
298,56,4
298,27,3
298,83,2
298,31,4
298,89,2
298,54,4
298,17,3
298,8,3
298,25,4
298,60,4
298,39,3
298,34,5
298,3,3
298,65,3
298,97,5
298,7,2
298,85,3
299,17,4
299,53,3
299,24,3
299,32,5
299,42,3
299,90,3
299,74,4
299,49,3
299,1,3
299,47,3
299,30,5
299,18,5
299,50,3
299,10,3
299,69,4
299,39,5
299,3,3
299,48,3
299,63,4
299,72,5
299,58,5
299,91,3
300,76,4
300,18,4
300,6,3
300,37,3
300,72,5
300,78,3
300,95,2
300,89,2
300,92,1
300,43,3
300,29,4
300,66,5
300,12,3
300,16,4
300,94,3
300,3,2
300,84,4
300,85,2
300,71,3
300,77,3
300,50,4
300,45,5
300,68,3
300,90,4
300,82,3
300,51,5
300,52,3
301,92,3
301,52,3
301,75,4
301,55,5
301,43,2
301,16,5
301,31,4
301,25,4
301,42,2
301,78,3
301,64,3
301,34,3
301,72,3
301,59,4
301,51,3
301,91,3
301,1,3
301,60,2
301,7,3
301,24,3
301,32,4
301,61,3
301,12,4
301,70,2
301,85,4
301,74,2
301,79,3
301,97,3
301,21,4
301,2,2
301,39,4
301,65,5
302,81,3
302,20,3
302,17,5
302,64,4
302,58,4
302,60,3
302,98,2
302,28,3
302,27,2
302,10,3
302,54,4
302,65,4
302,5,4
302,52,4
302,39,3
302,62,4
302,4,3
302,1,5
302,72,2
302,47,3
302,7,5
303,63,4
303,96,3
303,74,3
303,91,2
303,77,2
303,10,2
303,33,3
303,92,3
303,65,5
303,55,4
303,5,4
303,76,2
303,80,3
303,83,3
303,2,3
303,37,3
303,89,2
303,27,2
303,19,3
303,54,5
303,56,4
303,28,3
303,17,3
303,72,4
303,29,3
304,35,4
304,51,4
304,4,3
304,87,4
304,42,2
304,66,5
304,55,3
304,88,3
304,57,5
304,99,5
304,73,4
304,50,3
304,25,5
304,70,5
304,31,5
304,1,3
304,90,3
304,20,2
304,98,4
304,16,3
304,7,5
304,85,4
304,8,2
304,19,3
304,54,4
304,11,1
305,28,3
305,66,5
305,83,4
305,53,3
305,23,3
305,6,3
305,43,2
305,94,3
305,7,4
305,70,4
305,79,4
305,95,2
305,69,4
305,29,3
306,29,4
306,74,3
306,33,3
306,87,3
306,3,3
306,75,5
306,81,5
306,6,4
306,18,4
306,56,3
306,1,4
306,22,2
306,79,3
306,97,3
306,35,4
306,19,4
306,30,4
306,12,3
306,46,3
306,68,3
306,43,3
306,67,2
306,36,4
306,95,3
306,60,3
306,25,5
306,40,2
307,47,3
307,44,4
307,73,3
307,40,3
307,54,4
307,80,2
307,76,3
307,3,3
307,95,1
307,20,2
307,31,3
307,18,4
307,59,2
307,19,4
307,29,4
307,61,5
307,16,4
307,58,4
307,94,4
307,65,4
307,75,4
307,4,3
307,89,2
307,22,3
307,30,3
307,83,2
307,5,4
307,55,3
307,35,2
307,81,3
307,72,5
307,60,4
307,84,3
307,38,3
308,56,5
308,85,4
308,39,4
308,78,4
308,59,2
308,6,4
308,32,4
308,92,4
308,94,3
308,54,4
308,63,4
308,42,2
308,95,4
308,66,3
308,79,4
308,53,3
308,67,2
308,29,3
308,25,4
308,44,1
308,58,2
308,2,3
308,88,2
308,57,4
308,31,4
308,13,3
308,22,5
308,28,3
308,72,3
308,87,3
308,43,2
309,27,3
309,16,4
309,46,4
309,75,3
309,47,4
309,58,3
309,91,3
309,21,4
309,77,4
309,86,3
309,19,4
309,57,2
309,30,1
309,14,3
309,66,3
309,72,3
309,5,3
309,73,5
309,12,5
309,43,2
309,81,3
309,48,3
309,39,2
309,92,5
309,87,3
309,23,4
310,82,4
310,45,4
310,4,3
310,74,2
310,93,5
310,83,4
310,75,3
310,50,3
310,24,2
310,15,5
310,72,5
310,25,4
310,54,3
310,49,4
310,58,3
310,59,3
310,16,5
310,77,2
310,86,3
310,53,3
310,10,2
310,1,3
310,18,5
310,41,3
310,31,3
310,23,4
310,5,4
310,95,3
310,17,2
310,29,3
310,65,5
310,40,4
310,38,4
311,9,3
311,33,2
311,47,3
311,49,4
311,94,2
311,95,3
311,90,3
311,11,3
311,48,3
311,88,3
311,62,5
311,38,3
311,75,5
311,26,2
311,20,1
311,12,4
312,52,3
312,81,4
312,55,3
312,39,5
312,17,4
312,43,3
312,59,3
312,7,3
312,53,2
312,83,3
312,71,3
312,84,3
312,1,3
312,19,5
312,95,3
312,75,5
312,32,4
312,10,3
312,48,3
312,34,4
312,23,2
312,98,5
312,2,2
312,99,4
312,5,4
312,90,2
312,24,3
312,25,5
312,87,4
312,70,3
313,34,5
313,75,4
313,66,4
313,55,3
313,25,4
313,35,3
313,7,3
313,94,3
313,46,5
313,32,3
313,97,4
313,59,3
313,82,4
314,48,3
314,37,4
314,35,4
314,51,3
314,56,2
314,86,2
314,30,3
314,27,2
314,72,3
314,75,5
314,53,3
314,17,3
314,82,3
314,74,2
314,89,3
314,32,4
314,20,4
314,38,4
314,78,4
314,39,4
314,14,2
314,80,4
314,61,3
314,11,3
314,98,4
314,59,3
315,19,4
315,75,4
315,82,5
315,22,5
315,90,5
315,38,3
315,45,2
315,52,4
315,27,3
315,25,5
315,14,5
315,59,2
315,18,5
315,97,5
315,76,5
315,81,5
315,39,2
315,2,3
315,28,3
315,51,4
315,74,2
315,34,4
315,65,2
315,11,3
315,15,5
315,24,3
315,53,5
315,85,4
315,12,4
315,58,4
315,79,3
316,27,4
316,41,3
316,10,5
316,55,3
316,8,4
316,90,2
316,62,4
316,73,3
316,13,4
316,63,3
316,76,3
317,18,4
317,63,3
317,78,4
317,56,3
317,66,4
317,48,3
317,98,5
317,49,4
317,38,5
317,55,2
317,25,5
317,95,3
317,96,2
317,31,4
317,71,5
317,11,2
317,5,2
317,64,4
318,4,4
318,48,2
318,14,3
318,76,3
318,81,3
318,90,3
318,94,3
318,44,4
318,58,3
318,45,3
318,52,3
319,90,2
319,66,4
319,57,4
319,14,3
319,1,3
319,95,5
319,82,4
319,53,2
319,92,4
319,70,4
319,87,4
319,35,5
319,13,4
319,63,3
319,69,5
319,19,4
319,94,5
319,61,4
319,91,1
319,22,4
319,25,5
319,65,4
319,15,4
319,16,1
319,45,2
319,83,4
319,30,4
319,81,3
319,68,3
319,24,4
319,23,4
319,20,4
320,64,3
320,72,4
320,83,4
320,91,4
320,4,2
320,30,2
320,60,4
320,98,2
320,75,4
320,86,3
320,19,3
320,13,2
320,29,2
320,80,3
320,57,3
320,33,3
320,31,2
320,52,3
320,74,3
321,21,4
321,82,3
321,79,3
321,51,3
321,35,5
321,39,3
321,59,1
321,64,3
321,24,4
321,42,4
321,69,3
321,37,4
321,90,3
321,31,4
321,19,4
321,33,4
321,23,3
321,93,4
321,66,2
321,1,4
321,5,4
321,36,3
321,11,3
321,17,3
321,40,4
321,15,2
321,43,3
322,28,3
322,16,4
322,30,3
322,76,4
322,21,4
322,65,3
322,6,4
322,39,2
322,69,4
322,46,4
322,1,4
322,24,3
322,20,3
323,28,2
323,18,5
323,96,4
323,30,3
323,11,4
323,50,3
323,84,4
323,81,4
323,60,3
323,91,3
323,69,3
323,10,2
323,37,2
323,43,4
323,49,4
323,38,2
323,57,3
323,32,3
323,83,5
323,16,4
323,93,5
323,46,4
323,26,4
323,14,4
323,95,2
323,64,4
323,55,4
323,54,3
323,70,4
323,44,3
323,8,4
323,45,3
324,44,2
324,27,2
324,68,3
324,6,4
324,13,4
324,86,3
324,4,3
324,50,1
324,46,4
324,21,3
324,90,2
324,55,5
325,81,3
325,18,2
325,1,2
325,53,2
325,75,4
325,17,3
325,73,4
325,54,4
325,69,4
325,43,2
325,15,2
325,19,3
325,7,2
325,91,1
325,93,3
325,58,5
325,83,3
325,64,3
325,23,2
325,30,4
325,97,5
326,63,2
326,52,4
326,57,3
326,2,4
326,51,4
326,53,4
326,29,4
326,86,4
326,18,3
326,55,4
326,1,4
326,15,3
326,88,4
326,20,4
326,4,4
326,7,4
326,87,4
326,38,4
327,15,3
327,61,5
327,45,3
327,68,3
327,92,3
327,89,5
327,91,3
327,83,4
327,70,2
327,7,4
327,28,2
327,96,3
327,66,5
327,74,4
327,82,4
327,5,3
327,37,4
327,33,3
327,9,4
327,84,5
327,79,3
327,35,4
328,67,2
328,26,4
328,98,2
328,53,4
328,9,3
328,61,4
328,6,4
328,42,2
328,4,3
328,43,4
328,69,3
328,27,1
328,48,4
328,25,4
328,46,3
328,70,4
328,93,4
328,76,5
328,45,3
328,55,5
328,90,3
328,20,4
328,81,4
328,97,5
328,31,5
328,71,2
328,66,3
328,95,3
329,11,4
329,19,4
329,10,2
329,7,5
329,92,5
329,25,4
329,38,3
329,87,4
329,63,3
329,28,3
330,3,2
330,79,3
330,92,3
330,47,3
330,20,4
330,37,4
330,18,4
330,87,4
330,49,4
330,88,4
331,20,2
331,2,2
331,4,4
331,65,4
331,5,5
331,18,2
331,52,3
331,45,3
331,72,3
331,74,4
331,27,3
331,86,4
331,34,4
331,44,3
331,77,2
331,59,3
331,88,4
331,29,4
331,37,4
331,95,3
331,76,2
331,80,2
331,46,4
331,63,4
331,12,3
331,24,5
331,14,2
331,83,3
331,92,4
331,61,4
331,71,2
331,25,4
331,16,3
332,43,2
332,70,2
332,77,5
332,97,5
332,24,3
332,88,4
332,7,3
332,95,2
332,30,3
332,34,4
332,91,3
332,29,4
332,82,5
333,87,4
333,95,3
333,79,4
333,56,4
333,64,4
333,78,3
333,80,2
333,65,4
333,18,2
333,13,2
333,72,3
333,75,2
333,16,3
334,66,3
334,89,3
334,2,3
334,73,3
334,90,4
334,98,2
334,25,4
334,83,3
334,11,4
334,93,3
334,22,3
334,24,1
334,78,3
334,69,4
334,82,2
334,1,3
334,60,3
334,75,5
334,76,3
334,31,4
335,82,2
335,7,3
335,81,4
335,30,4
335,83,4
335,3,3
335,19,4
335,76,4
335,26,2
335,16,4
335,14,2
335,20,3
335,44,3
335,99,5
335,2,2
335,9,3
335,65,3
335,51,4
335,5,3
335,64,3
336,64,3
336,27,3
336,47,2
336,83,5
336,39,4
336,33,5
336,48,3
336,29,4
336,94,2
336,43,2
336,9,1
336,49,4
336,84,4
336,55,3
336,71,4
336,69,3
336,54,4
336,46,2
336,66,4
336,35,5
336,65,4
336,79,3
336,72,3
336,30,4
336,81,4
336,86,4
336,85,3
336,21,3
336,82,3
336,56,4
336,68,4
336,20,3
336,34,5
336,96,3
337,98,2
337,43,3
337,25,4
337,11,3
337,93,3
337,95,3
337,13,3
337,19,4
337,31,5
337,85,4
337,46,3
337,74,3
337,4,3
337,36,3
337,22,5
337,52,3
337,88,2
337,24,3
337,59,3
337,34,3
337,20,4
337,56,4
337,49,4
337,81,4
337,45,3
337,92,4
337,7,5
337,68,3
337,47,1
337,64,3
337,29,4
337,97,3
337,73,2
337,65,4
337,84,5
337,6,4
338,84,3
338,20,4
338,8,3
338,19,3
338,48,3
338,52,3
338,39,4
338,47,3
338,6,3
338,87,3
338,95,2
338,71,3
338,23,4
338,31,2
338,14,3
338,92,4
338,17,4
338,61,4
338,89,3
338,94,2
338,49,3
338,60,3
338,24,3
338,9,2
338,15,3
338,43,2
338,4,4
339,41,3
339,7,3
339,2,2
339,23,1
339,1,3
339,17,3
339,83,2
339,49,4
339,96,4
339,67,5
339,32,4
339,72,4
339,64,5
339,79,4
339,5,3
339,40,4
339,82,3
339,45,4
340,26,3
340,88,2
340,10,2
340,87,4
340,16,5
340,82,2
340,53,3
340,29,3
340,54,4
340,31,2
340,69,3
340,73,5
340,12,3
340,32,4
340,49,4
340,95,4
340,66,3
340,40,3
340,63,3
340,55,4
340,91,5
340,24,3
340,6,4
340,70,3
340,3,3
340,46,2
340,17,3
340,11,4
341,49,5
341,23,2
341,64,4
341,55,3
341,27,1
341,94,4
341,28,2
341,1,5
341,88,4
341,59,2
341,54,3
341,13,4
341,39,4
341,98,3
341,81,3
341,14,3
341,48,3
341,24,3
341,91,4
341,66,5
341,30,3
341,89,3
341,69,2
341,86,3
341,95,2
341,72,3
341,34,2
341,62,4
341,4,4
341,33,2
341,50,4
341,25,3
341,35,2
341,37,3
341,63,5
342,53,4
342,32,4
342,13,4
342,97,5
342,22,4
342,47,4
342,46,5
342,58,3
342,23,3
342,54,4
342,14,4
342,86,4
342,92,4
342,40,4
342,78,2
342,96,2
342,28,3
342,63,4
343,54,3
343,31,4
343,88,3
343,77,4
343,76,4
343,98,4
343,16,5
343,20,5
343,94,4
343,28,4
343,78,3
343,81,3
343,19,5
343,42,3
344,99,4
344,61,3
344,77,5
344,52,3
344,95,4
344,44,4
344,80,3
344,6,3
344,84,3
344,76,5
345,89,4
345,18,4
345,16,3
345,29,3
345,91,4
345,2,3
345,24,5
345,40,3
345,17,3
346,86,3
346,4,3
346,21,4
346,36,3
346,32,3
346,97,4
346,48,4
346,1,4
346,90,4
346,77,4
346,40,4
346,57,3
346,53,3
346,45,1
346,12,4
347,82,3
347,23,3
347,31,4
347,62,5
347,49,3
347,92,4
347,75,2
347,85,2
347,55,3
347,77,4
347,22,3
347,73,3
348,14,2
348,95,2
348,68,3
348,49,5
348,65,3
348,98,4
348,37,3
348,23,3
348,88,3
348,32,3
348,72,3
348,87,4
348,80,4
348,18,3
348,71,1
348,43,3
349,76,3
349,69,2
349,79,1
349,75,3
349,34,3
349,59,3
349,3,4
349,53,4
349,14,3
349,83,4
349,56,3
349,95,4
349,7,4
349,11,4
349,80,2
349,57,1
349,82,5
349,4,3
350,69,3
350,76,4
350,22,5
350,43,5
350,58,4
350,16,4
350,39,4
350,5,4
350,17,4
350,95,2
350,31,4
350,98,4
350,42,2
350,63,3
350,55,4
350,23,4
350,49,4
350,92,3
350,66,4
350,10,3
350,53,3
350,32,4
350,67,3
350,37,4
350,97,5
351,58,4
351,39,4
351,36,3
351,46,4
351,60,3
351,95,4
351,55,3
351,23,4
351,87,4
351,53,3
351,18,3
351,50,3
351,51,4
351,69,3
351,41,3
351,6,4
351,66,3
351,63,3
351,64,4
351,34,3
351,76,2
351,48,4
351,35,3
351,31,4
351,80,4
351,65,3
351,43,3
351,96,2
351,25,4
351,29,5
351,73,4
351,30,3
351,86,3
352,10,3
352,40,3
352,94,5
352,98,4
352,61,3
352,58,4
352,55,5
352,12,4
352,66,4
352,83,3
352,90,3
352,53,3
352,91,3
352,63,4
352,1,3
352,36,3
352,60,3
352,75,3
352,88,4
352,52,2
352,71,3
352,19,5
352,3,3
352,48,2
353,69,2
353,96,4
353,88,3
353,90,3
353,97,4
353,53,2
353,40,5
353,62,4
353,39,4
353,13,5
353,27,2
353,12,3
354,49,5
354,59,1
354,45,2
354,80,2
354,23,2
354,69,3
354,27,4
354,76,2
354,29,5
354,40,4
354,91,4
354,74,4
354,12,4
354,71,3
354,6,4
354,8,3
354,26,3
354,85,3
354,9,3
355,41,4
355,59,3
355,53,3
355,95,3
355,91,4
355,31,4
355,40,4
355,42,2
355,39,5
355,16,2
355,72,4
355,24,4
355,77,4
355,76,2
355,13,3
355,19,3
355,96,2
355,79,3
355,35,3
355,44,3
355,20,4
355,54,4
355,94,3
355,11,3
355,14,3
355,3,2
355,74,4
355,71,4
355,49,2
355,12,3
355,70,3
356,24,2
356,34,4
356,2,4
356,54,2
356,39,4
356,62,3
356,52,2
356,89,3
356,78,3
357,31,3
357,27,2
357,85,3
357,7,4
357,54,5
357,83,4
357,17,4
357,18,4
357,76,4
357,3,3
357,12,4
357,13,3
357,25,4
357,72,4
357,49,5
357,62,3
357,89,3
357,81,4
357,58,2
357,11,3
357,74,4
357,82,3
357,66,4
357,88,5
357,97,3
357,43,4
358,55,3
358,69,4
358,94,3
358,39,5
358,88,3
358,63,3
358,53,2
358,82,3
358,64,4
358,65,4
358,3,1
358,52,4
358,36,3
358,42,4
358,29,4
358,35,3
358,85,3
358,74,3
359,31,5
359,7,3
359,73,4
359,27,3
359,45,2
359,65,1
359,24,3
359,15,4
359,51,4
359,25,4
359,5,4
359,11,3
359,42,3
359,61,3
359,20,4
359,23,3
359,19,5
359,17,3
360,39,4
360,80,3
360,74,4
360,9,3
360,14,3
360,77,4
360,89,4
360,20,5
360,68,2
360,45,3
360,53,2
360,81,4
360,88,4
360,65,3
360,47,3
360,6,3
360,22,4
361,27,2
361,87,4
361,13,3
361,55,4
361,80,2
361,70,4
361,23,4
361,67,3
361,98,4
361,91,3
361,83,2
361,85,3
361,74,3
361,61,4
361,35,3
361,81,4
361,45,4
362,85,5
362,34,4
362,69,3
362,18,3
362,23,3
362,46,3
362,60,5
362,65,4
362,44,3
362,52,3
362,14,3
362,29,4
362,87,5
362,35,1
362,63,4
362,40,5
362,13,4
362,51,2
362,95,3
362,43,2
362,96,3
362,28,4
362,20,2
362,31,4
362,19,4
363,59,3
363,74,2
363,83,5
363,35,3
363,98,5
363,5,3
363,63,3
363,70,2
363,77,5
363,23,4
363,68,2
363,41,4
363,13,3
363,51,3
363,20,4
363,47,2
363,75,4
363,31,5
363,79,4
364,86,1
364,7,4
364,59,4
364,87,3
364,30,2
364,47,2
364,81,3
364,72,3
364,20,1
365,42,2
365,21,4
365,49,2
365,11,1
365,14,3
365,75,5
365,63,4
365,83,5
365,70,2
365,73,5
365,19,3
365,43,4
365,80,4
365,40,5
365,51,4
365,98,3
365,41,5
366,22,2
366,4,5
366,10,3
366,34,3
366,85,2
366,32,2
366,26,3
366,42,3
366,35,2
366,13,3
366,15,1
366,24,5
366,57,2
366,70,3
367,74,5
367,29,4
367,6,3
367,98,4
367,86,4
367,21,4
367,50,3
367,39,4
367,84,4
367,43,3
367,52,3
367,33,3
367,79,2
367,55,4
367,60,4
367,76,2
367,87,4
367,11,3
367,89,3
367,5,3
367,42,1
367,30,4
367,3,3
367,93,5
367,88,2
367,78,2
367,63,5
367,82,2
367,17,3
367,44,3
367,15,3
367,58,4
367,66,5
367,4,2
368,25,4
368,5,3
368,45,2
368,53,3
368,65,4
368,58,4
368,8,3
368,74,4
368,39,3
368,10,2
368,17,2
369,31,5
369,30,3
369,29,4
369,23,3
369,34,4
369,75,5
369,54,3
369,58,2
369,43,4
369,64,3
369,94,2
369,44,3
369,15,2
369,1,3
369,39,3
369,70,3
369,36,4
369,69,2
369,98,4
369,76,2
369,84,3
369,28,3
369,86,3
369,83,4
369,12,3
369,45,2
369,50,3
369,3,3
369,38,4
369,21,3
369,7,4
369,59,2
370,54,4
370,23,3
370,24,3
370,85,3
370,5,3
370,53,4
370,70,4
370,84,4
370,22,2
370,37,3
370,21,3
370,30,4
370,25,3
370,31,5
370,7,4
370,19,4
370,28,4
370,76,5
370,87,4
370,36,4
370,49,3
370,3,3
370,52,4
370,4,3
370,80,2
370,34,4
370,1,4
371,17,4
371,70,3
371,61,3
371,73,5
371,68,2
371,21,4
371,64,3
371,26,5
371,10,3
371,93,3
371,40,3
371,96,4
371,47,2
371,53,2
371,23,3
371,74,3
371,97,4
371,81,3
371,86,3
371,39,3
371,80,4
371,55,5
371,31,4
371,25,5
371,24,3
371,65,3
371,1,4
372,65,4
372,91,3
372,13,3
372,80,4
372,82,4
372,59,3
372,1,4
372,97,2
372,47,3
372,14,4
372,73,4
372,56,5
372,64,5
372,62,3
372,17,4
372,4,3
372,96,4
372,83,5
372,45,2
372,10,4
373,67,2
373,31,4
373,89,3
373,9,3
373,23,3
373,39,3
373,84,5
373,74,3
373,61,4
373,94,2
373,98,4
373,83,4
374,83,3
374,38,5
374,17,2
374,61,3
374,75,3
374,7,4
374,81,4
374,4,2
374,93,4
374,73,4
374,37,4
375,31,3
375,14,4
375,91,2
375,59,1
375,24,3
375,94,4
375,40,4
375,9,3
375,34,3
375,63,4
375,43,3
375,54,3
375,74,3
375,84,3
375,82,3
375,67,3
375,35,2
375,17,2
375,29,4
375,28,2
375,87,4
375,68,3
376,19,4
376,93,3
376,91,4
376,96,3
376,8,4
376,56,1
376,47,3
376,35,3
376,74,2
376,29,4
376,80,3
376,26,4
376,40,3
376,30,4
376,90,3
376,52,3
376,76,3
376,3,3
376,36,4
376,41,2
376,82,4
376,24,5
376,45,3
376,23,4
376,66,3
376,89,4
376,43,3
376,59,3
377,45,4
377,3,3
377,99,5
377,92,3
377,29,3
377,89,4
377,40,3
377,79,3
377,9,1
377,91,4
377,15,3
377,43,2
377,46,3
377,84,4
377,16,2
377,51,3
377,56,4
377,30,2
377,23,3
377,66,4
377,17,3
377,36,3
377,53,3
377,32,4
377,80,3
377,72,5
377,18,3
377,10,3
377,47,3
377,58,3
377,87,4
377,82,3
378,46,3
378,54,3
378,37,5
378,3,2
378,60,4
378,67,3
378,29,3
378,93,3
378,92,2
378,4,2
378,69,4
378,7,3
378,52,1
378,78,5
378,98,4
379,45,2
379,68,3
379,55,4
379,43,4
379,98,4
379,31,3
379,99,3
379,91,4
379,62,3
379,3,5
379,87,4
379,13,2
379,49,3
380,40,3
380,49,4
380,28,5
380,2,3
380,37,5
380,32,5
380,68,2
380,29,5
380,86,4
380,8,3
380,4,3
380,75,3
381,48,3
381,49,4
381,96,4
381,60,2
381,58,3
381,14,3
381,24,3
381,47,4
381,11,3
381,73,4
381,95,4
382,39,5
382,20,4
382,2,1
382,19,3
382,34,4
382,72,5
382,33,5
382,69,4
382,25,5
382,10,3
382,32,3
382,31,3
382,47,3
382,29,4
383,11,3
383,12,3
383,26,3
383,97,4
383,67,4
383,14,3
383,15,2
383,72,5
383,82,4
383,40,3
383,2,2
383,90,2
383,91,2
383,30,3
383,21,3
383,57,4
384,91,4
384,30,4
384,96,3
384,79,2
384,37,5
384,12,3
384,24,4
384,81,2
384,52,2
384,39,4
384,1,5
384,50,2
384,3,4
385,76,5
385,35,3
385,66,3
385,9,5
385,60,1
385,2,3
385,84,3
385,32,4
385,52,2
385,14,5
385,4,3
385,7,4
385,59,1
385,1,4
385,10,3
385,57,1
385,63,3
385,29,4
385,62,3
385,74,2
385,40,4
385,26,5
385,73,4
385,5,3
385,80,3
385,87,4
385,15,3
385,70,2
385,69,3
385,37,3
385,46,5
386,98,4
386,62,4
386,78,2
386,50,3
386,57,3
386,5,4
386,56,4
386,1,3
386,47,3
386,72,4
386,83,3
386,13,3
386,30,3
386,41,4
387,17,4
387,78,2
387,84,2
387,43,3
387,4,4
387,80,2
387,23,2
387,7,3
387,1,5
387,90,1
387,11,3
387,15,4
387,96,3
387,87,4
387,42,2
387,55,5
387,54,4
388,17,2
388,10,2
388,68,2
388,18,3
388,3,3
388,53,4
388,97,4
388,11,2
388,94,3
388,51,2
388,37,3
388,16,1
389,49,4
389,31,4
389,60,3
389,75,2
389,34,4
389,80,2
389,73,4
389,42,3
389,22,4
389,24,4
389,41,3
389,79,1
389,54,4
389,98,2
389,33,3
389,39,4
390,3,3
390,92,4
390,94,3
390,35,4
390,50,3
390,31,3
390,22,4
390,53,2
390,23,2
390,93,3
390,51,3
390,28,3
390,19,5
390,25,4
391,14,3
391,97,4
391,72,5
391,38,4
391,95,5
391,90,4
391,4,2
391,2,3
391,70,4
391,6,4
391,51,3
391,32,4
391,5,3
391,66,4
391,19,4
391,74,4
391,22,4
391,33,3
391,93,4
391,18,4
391,80,3
391,99,5
391,29,4
391,77,2
392,27,5
392,74,2
392,56,3
392,98,5
392,19,5
392,72,4
392,4,3
392,78,3
392,97,5
392,54,2
392,29,5
392,16,3
392,55,3
392,79,4
392,93,4
392,61,4
392,40,3
392,32,4
392,1,4
392,48,3
392,36,5
392,95,3
392,3,2
392,82,4
392,96,3
392,88,3
392,34,4
392,38,5
393,69,2
393,76,4
393,3,2
393,31,4
393,96,2
393,46,2
393,98,3
393,65,3
393,1,3
393,97,4
393,61,4
393,16,5
393,40,3
393,17,3
393,23,3
393,78,2
393,29,4
393,48,3
393,43,3
393,38,3
393,47,2
394,14,3
394,95,3
394,15,4
394,96,4
394,32,2
394,94,4
394,74,4
394,78,3
394,82,4
394,77,4
394,17,3
394,60,4
394,91,3
394,43,3
394,7,5
394,29,3
394,67,3
394,63,4
394,70,2
395,73,4
395,14,3
395,89,3
395,51,3
395,4,3
395,34,2
395,44,4
395,75,3
395,84,3
395,66,5
395,27,2
395,79,4
395,67,4
395,43,4
395,81,3
395,82,5
395,98,3
395,7,4
395,60,5
395,78,2
395,74,4
395,55,5
395,65,4
395,58,5
395,29,3
395,64,3
395,96,4
395,54,4
395,10,2
395,49,3
395,93,4
395,20,4
396,73,5
396,61,4
396,51,2
396,15,3
396,21,3
396,14,2
396,71,3
396,99,5
396,32,3
396,77,3
396,12,3
396,82,3
396,19,3
396,62,3
396,2,5
396,54,4
396,42,3
396,4,4
396,52,2
396,93,5
397,88,3
397,24,3
397,20,3
397,8,2
397,73,4
397,57,3
397,48,3
397,44,3
397,87,5
397,3,3
397,52,3
397,14,3
397,59,2
397,5,2
397,56,3
398,8,2
398,72,3
398,17,4
398,19,4
398,66,4
398,30,5
398,84,5
398,60,4
398,24,5
398,59,2
398,7,3
398,41,5
398,37,4
398,80,3
398,98,4
398,42,4
398,63,3
398,70,3
398,69,4
398,22,5
398,96,4
398,52,2
398,25,5
398,20,4
398,21,5
398,67,2
398,4,4
398,11,1
398,77,4
398,54,4
398,58,4
398,75,2
398,97,4
399,16,3
399,23,3
399,98,3
399,34,4
399,18,2
399,72,4
399,88,2
399,31,5
399,48,3
399,87,4
399,35,3
399,11,3
399,52,3
399,3,4
399,74,3
399,79,4
400,14,3
400,64,5
400,72,4
400,95,2
400,47,4
400,4,3
400,93,2
400,23,4
400,48,3
400,7,3
400,20,2
400,45,3
400,86,2
400,37,2
400,73,2
400,81,4
400,30,2
400,92,3
400,5,2
400,11,2
400,91,2
400,79,4
400,83,2
400,96,4
400,74,4
400,35,2
400,59,4
400,43,4
400,80,2
400,55,3
400,42,3
400,58,4
400,40,4
400,17,3
400,54,5
